"row_names","DATES","RETORNOS","VOLUMEN","DRAWDOWNS","PRECIO","DRAWUPS","MINIMOS","MAXIMOS","temp","drawmed","SCALE"
"2017-12-14",2017-12-14,0.138509968520462,43076900,0,2170,0,0,0,0,1,0.758091750830277
"2017-12-15",2017-12-15,-0.0299539170506912,18552800,-0.0299539170506912,2105,0,2105,2170,2,0,0.449097677788343
"2017-12-18",2017-12-18,-0.0318289786223278,6674200,-0.0608294930875576,2038,0,2038,2105,3,-2.03076923076924,0.130596094806656
"2017-12-19",2017-12-19,0.0318940137389598,8826500,-0.0308755760368663,2103,0.030908226343319,2038,2103,3,-0.507575757575757,0.758428559908028
"2017-12-20",2017-12-20,-0.0014265335235378,5913700,-0.0322580645161291,2100,0.0295238095238095,2038,2103,5,-1.04477611940299,0.729886138009012
"2017-12-21",2017-12-21,0.00476190476190476,1906600,-0.0276497695852534,2110,0.00473933649289104,2100,2110,5,-0.857142857142855,0.521755781000901
"2017-12-22",2017-12-22,0.0369668246445498,4311100,0,2188,0.0402193784277879,0,2188,0,8.48628884826316,1.1729807129178
"2017-12-25",2017-12-25,-0.00548446069469835,2704900,-0.00548446069469821,2176,0.0349264705882353,2100,2188,8,0,1.06180516968462
"2017-12-26",2017-12-26,-0.00367647058823529,1118200,-0.00914076782449724,2168,0.0313653136531366,2100,2188,0,-1.66666666666671,0.987352348884177
"2017-12-27",2017-12-27,0.0239852398523985,2665500,0,2220,0.0234234234234234,2168,2220,8,0,0.999719548488294
"2017-12-28",2017-12-28,0.036036036036036,5681800,0,2300,0.0573913043478261,0,2300,0,2.45016722408027,1.35012026107865
"2017-12-29",2017-12-29,-0.00434782608695652,3063500,-0.00434782608695639,2290,0.0532751091703056,2168,2300,12,0,1.26280839464067
"2018-01-01",2018-01-01,0,0,-0.00434782608695639,2290,0.0532751091703056,2168,2300,0,-1,1.26280839464067
"2018-01-02",2018-01-02,0,0,-0.00434782608695639,2290,0.0532751091703056,2168,2300,0,-1,1.26280839464067
"2018-01-03",2018-01-03,0,0,-0.00434782608695639,2290,0.0532751091703056,2168,2300,0,-1,1.26280839464067
"2018-01-04",2018-01-04,0.0174672489082969,2592200,0,2330,0.0171673819742489,2290,2330,12,0,0.935184425244538
"2018-01-05",2018-01-05,0.00429184549356223,1966100,0,2340,0.0213675213675214,0,2340,0,1.24465811965812,0.97851158597196
"2018-01-08",2018-01-08,0,0,0,2340,0.0213675213675214,0,2340,0,0,0.97851158597196
"2018-01-09",2018-01-09,-0.00170940170940171,1862500,-0.00170940170940159,2336,0.0196917808219178,2290,2340,19,0,0.943591649075884
"2018-01-10",2018-01-10,-0.0136986301369863,2124200,-0.0153846153846154,2304,0.00607638888888884,2290,2340,0,-9.00000000000065,0.66207136014668
"2018-01-11",2018-01-11,0.0256076388888889,2234400,0,2363,0.0249682606855692,2304,2363,19,4.109062329968,1.01565554634158
"2018-01-12",2018-01-12,0.0410495133305121,3649800,0,2460,0.0634146341463414,0,2460,0,2.53980983877635,1.41225481278247
"2018-01-15",2018-01-15,0.0024390243902439,2856900,0,2466,0.0656934306569343,0,2466,0,1.03593486805166,1.43576207609799
"2018-01-16",2018-01-16,0.0117599351175994,2484200,0,2495,0.0765531062124248,0,2495,0,1.16530839456691,1.54778666961363
"2018-01-17",2018-01-17,-0.0124248496993988,2066500,-0.0124248496993989,2464,0.064935064935065,2304,2495,25,0,1.29976866255167
"2018-01-18",2018-01-18,-0.0219155844155844,2228700,-0.0340681362725452,2410,0.0439834024896265,2304,2495,0,-2.74193548387095,0.860374149774168
"2018-01-19",2018-01-19,0.0244813278008299,1501100,-0.0104208416833669,2469,0.0668286755771568,2304,2495,0,1.51940668057498,1.33997512577649
"2018-01-22",2018-01-22,-0.0178209801539085,2255200,-0.028056112224449,2425,0.0498969072164949,2304,2495,0,-2.69230769230767,0.983393710224946
"2018-01-23",2018-01-23,-0.00206185567010309,1677500,-0.030060120240481,2420,0.0479338842975207,2304,2495,0,-1.07142857142857,0.942471214365173
"2018-01-24",2018-01-24,-0.00950413223140496,2155900,-0.0392785571142286,2397,0.0387984981226533,2304,2495,0,-1.30666666666667,0.753139631117312
"2018-01-25",2018-01-25,0.00292031706299541,1758000,-0.0364729458917837,2404,0.0415973377703827,2304,2495,0,1.07213783479147,0.810953175122521
"2018-01-26",2018-01-26,0.0108153078202995,1651900,-0.026052104208417,2430,0.0518518518518518,2304,2495,0,1.24651851851852,1.02423287335218
"2018-01-29",2018-01-29,-0.00452674897119342,1682800,-0.0304609218436875,2419,0.0475403059115337,2304,2495,0,-1.16923076923077,0.934276669792304
"2018-01-30",2018-01-30,0.00578751550227367,13068300,-0.0248496993987977,2433,0.0530209617755857,2304,2495,0,1.11528440465341,1.04869658524327
"2018-01-31",2018-01-31,0.0398684751335799,3466100,0,2530,0.0525691699604743,2397,2530,25,0,1.30037681875751
"2018-02-01",2018-02-01,0.0339920948616601,3394400,0,2616,0.0837155963302753,0,2616,0,1.59248465199696,1.62167239851152
"2018-02-02",2018-02-02,0.0133792048929664,2828300,0,2651,0.0958129007921539,0,2651,0,1.14450478754463,1.74646393653235
"2018-02-05",2018-02-05,-0.0841192003017729,4161700,-0.0841192003017729,2428,0.0127677100494233,2397,2651,38,0,0.0220548728027798
"2018-02-06",2018-02-06,-0.0691927512355848,3420900,-0.147491512636741,2260,0,2260,2428,39,-1.75336322869955,-0.763378818498514
"2018-02-07",2018-02-07,0.00530973451327434,2394900,-0.142964918898529,2272,0.00528169014084512,2260,2272,39,-0.969309462915599,-0.662200011726344
"2018-02-08",2018-02-08,-0.0105633802816901,1294300,-0.152018106374953,2248,0,0,2272,41,-1.06332453825858,-0.810073567429318
"2018-02-09",2018-02-09,0.00177935943060498,1531000,-0.150509241795549,2252,0.0017761989342806,2248,2252,41,-0.990074441687345,-0.776186007629475
"2018-02-12",2018-02-12,0,0,-0.150509241795549,2252,0.0017761989342806,0,2252,0,-1,-0.776186007629475
"2018-02-13",2018-02-13,-0.011101243339254,1338000,-0.159939645416824,2227,0,0,2252,44,-1.06265664160401,-0.89178937805823
"2018-02-14",2018-02-14,-0.0148181409968568,889600,-0.172387778196907,2194,0,2194,2227,45,-1.07783018867925,-1.02019993761795
"2018-02-15",2018-02-15,0.0255241567912489,731100,-0.151263674085251,2250,0.0248888888888888,2194,2250,45,-0.877461706783371,-0.545546085301154
"2018-02-16",2018-02-16,0.0328888888888889,1189600,-0.123349679366277,2324,0.0559380378657487,0,2324,0,2.24751044996312,0.062696966821212
"2018-02-19",2018-02-19,0.00817555938037866,932200,-0.116182572614108,2343,0.0635936833119932,0,2343,0,1.13685938474671,0.215603265110283
"2018-02-20",2018-02-20,-0.0183525394793,643300,-0.132402866842701,2300,0.0460869565217391,2194,2343,49,-1.13961038961039,-0.132312821408492
"2018-02-21",2018-02-21,-0.00434782608695652,750100,-0.136175028291211,2290,0.0419213973799126,2194,2343,0,-1.02849002849003,-0.214195555200074
"2018-02-22",2018-02-22,0.00436681222707424,471600,-0.132402866842701,2300,0.0460869565217391,2194,2343,0,1.09936594202899,-0.132312821408492
"2018-02-23",2018-02-23,0.00478260869565217,591300,-0.12825348924934,2311,0.0506274340112506,2194,2343,0,1.09851979458374,-0.0426713327291695
"2018-02-26",2018-02-26,0.0056252704456945,707400,-0.123349679366277,2324,0.0559380378657487,2194,2343,0,1.10489577357047,0.062696966821212
"2018-02-27",2018-02-27,-0.0120481927710843,767100,-0.133911731422105,2296,0.044425087108014,2194,2343,0,-1.08562691131499,-0.165020998085736
"2018-02-28",2018-02-28,0.000435540069686411,651600,-0.133534515277254,2297,0.044841097083152,2194,2343,0,1.00936430296977,-0.156838356421746
"2018-03-01",2018-03-01,-0.00609490639965172,571600,-0.138815541305168,2283,0.0389837932544898,2194,2343,0,-1.03954802259887,-0.271737449700388
"2018-03-02",2018-03-02,-0.0100744634253176,907500,-0.147491512636741,2260,0.0292035398230088,2194,2343,0,-1.0625,-0.462125373018145
"2018-03-05",2018-03-05,-0.00752212389380531,658200,-0.153904187099208,2243,0.0218457423094071,2194,2343,0,-1.04347826086957,-0.604176718636636
"2018-03-06",2018-03-06,0.016941596076683,551400,-0.13956997359487,2281,0.0381411661551951,2194,2343,0,1.74593134053271,-0.288212152646945
"2018-03-07",2018-03-07,-0.0100832967996493,536500,-0.148245944926443,2258,0.0283436669619131,2194,2343,0,-1.06216216216216,-0.478777977177843
"2018-03-08",2018-03-08,-0.0115146147032772,385700,-0.158053564692569,2232,0.0170250896057348,2194,2343,0,-1.06615776081425,-0.696708396283312
"2018-03-09",2018-03-09,-0.0304659498207885,1617100,-0.183704262542437,2164,0,2164,2324,62,-1.16229116945107,-1.13693680994497
"2018-03-12",2018-03-12,-0.039279112754159,1699700,-0.215767634854772,2079,0,2079,2164,63,-1.17453798767967,-1.46769128153818
"2018-03-13",2018-03-13,-0.00336700336700337,1757700,-0.218408147868729,2072,0,2072,2079,64,-1.01223776223776,-1.49492988508115
"2018-03-14",2018-03-14,0.00723938223938224,970300,-0.212749905695964,2087,0.00718735026353623,2072,2087,64,-0.974093264248705,-1.36241927150056
"2018-03-15",2018-03-15,-0.0177287973167226,946100,-0.226706903055451,2050,0,0,2087,66,-1.06560283687943,-1.58053692478763
"2018-03-16",2018-03-16,0.0439024390243902,1709800,-0.192757450018861,2140,0.0420560747663551,2050,2140,66,-0.850249584026622,-0.796490632284728
"2018-03-19",2018-03-19,0.0135514018691589,1525800,-0.181818181818182,2169,0.0548639926233288,0,2169,0,1.30454382459915,-0.551523013164296
"2018-03-20",2018-03-20,0.0161364684186261,1139800,-0.168615616748397,2204,0.0698729582577132,0,2204,0,1.27356677698302,-0.260502784849022
"2018-03-21",2018-03-21,0,0,-0.168615616748397,2204,0.0698729582577132,0,2204,0,-1,-0.260502784849022
"2018-03-22",2018-03-22,0.0372050816696915,1336000,-0.137683892870615,2286,0.10323709536308,0,2286,0,1.47749713104044,0.402750703210646
"2018-03-23",2018-03-23,-0.0231846019247594,1258300,-0.157676348547718,2233,0.0819525302283923,2050,2286,72,-1.14520547945205,-0.0230485257211637
"2018-03-26",2018-03-26,0.0183609493954322,921700,-0.142210486608827,2274,0.0985048372911169,2050,2286,0,1.20197432607139,0.307239644417369
"2018-03-27",2018-03-27,0.0175901495162709,993900,-0.127121840814787,2314,0.0350043215211755,2233,2314,72,-0.893899204244032,-0.192160179055305
"2018-03-28",2018-03-28,-0.000432152117545376,560600,-0.127499056959638,2313,0.0345871162991785,2233,2314,75,-1.00296735905044,-0.200355150465502
"2018-03-29",2018-03-29,-0.00648508430609598,765300,-0.133157299132403,2298,0.0282854656222803,2233,2314,0,-1.04437869822485,-0.323729198624499
"2018-03-30",2018-03-30,0.0117493472584856,583100,-0.122972463221426,2325,0.0116129032258064,2298,2325,75,-0.923512747875355,-0.390654303215769
"2018-04-02",2018-04-02,-0.0313978494623656,1016200,-0.150509241795549,2252,0,0,2325,78,-1.2239263803681,-0.79450865111905
"2018-04-03",2018-04-03,-0.0102131438721137,579900,-0.159185213127122,2229,0,2229,2252,79,-1.05764411027569,-0.884006919903097
"2018-04-04",2018-04-04,-0.00314042171377299,418100,-0.161825726141079,2222,0,2222,2229,80,-1.01658767772512,-0.911245523446068
"2018-04-05",2018-04-05,0.018001800180018,703700,-0.146737080347039,2262,0.017683465959328,2222,2262,80,-0.906759906759907,-0.573179945053711
"2018-04-06",2018-04-06,0.0137046861184792,709600,-0.135043379856658,2293,0.0309638028783253,0,2293,0,1.7510030527693,-0.315556558891352
"2018-04-09",2018-04-09,0.0196249454862625,1176200,-0.118068653338363,2338,0.0496150556030795,0,2338,0,1.60235665489946,0.0519485127754989
"2018-04-10",2018-04-10,0.0149700598802395,1309500,-0.104866088268578,2373,0.0636325326590813,0,2373,0,1.2825246668701,0.332740893637947
"2018-04-11",2018-04-11,0.00547829751369574,1204800,-0.0999622783855149,2386,0.0687342833193629,0,2386,0,1.08017519415131,0.435954737093669
"2018-04-12",2018-04-12,-0.00754400670578374,960600,-0.106752168992833,2368,0.0616554054054054,2222,2386,86,-1.06792452830189,0.292889398887233
"2018-04-13",2018-04-13,0.00971283783783784,796900,-0.0980761976612596,2391,0.00961940610623169,2368,2391,86,-0.918727915194345,-0.154397399238287
"2018-04-16",2018-04-16,0.0121288163948139,971800,-0.0871369294605807,2420,0.0214876033057851,0,2420,0,2.23377650017967,0.0808763920943954
"2018-04-17",2018-04-17,-0.0173553719008264,1082100,-0.102980007544323,2378,0.0042052144659378,2368,2420,89,-1.18181818181818,-0.260834273953522
"2018-04-18",2018-04-18,0.0138772077375946,993400,-0.0905318747642397,2411,0.0178349232683533,2368,2420,0,4.24114475321439,0.00817556783385172
"2018-04-19",2018-04-19,-0.0111986727498963,700600,-0.100716710675217,2384,0.00671140939597314,2368,2420,0,-1.1125,-0.21163387405715
"2018-04-20",2018-04-20,0.00964765100671141,953900,-0.0920407393436438,2407,0.0162027420024927,2368,2420,0,2.41420855837142,-0.024226356351799
"2018-04-23",2018-04-23,0.0124636476942252,987300,-0.0807242549981138,2437,0.024210094378334,2378,2437,89,1.49419736329872,0.175111546775499
"2018-04-24",2018-04-24,0.00697578990562167,1344800,-0.0743115805356466,2454,0.0309698451507743,0,2454,0,1.27921207851588,0.310993652554399
"2018-04-25",2018-04-25,-0.000407497962510187,1126100,-0.0746887966804977,2453,0.0305748063595597,2378,2454,95,-1.00507614213198,0.303027342247875
"2018-04-26",2018-04-26,0.00896860986547085,4696700,-0.0663900414937755,2475,0.00888888888888884,2453,2475,95,-0.888888888888886,0.164930084597387
"2018-04-27",2018-04-27,-0.0113131313131313,1423500,-0.0769520935496035,2447,0,0,2475,97,-1.15909090909091,-0.0357189809934355
"2018-04-30",2018-04-30,0,0,-0.0769520935496035,2447,0,2447,2447,97,-1,-0.0357189809934355
"2018-05-01",2018-05-01,-0.0122599100939926,1147900,-0.0882685778951335,2417,0,0,2447,99,-1.14705882352941,-0.152455853320453
"2018-05-02",2018-05-02,0.0115846090194456,1248400,-0.0777065258393055,2445,0.0114519427402863,2417,2445,99,-0.880341880341879,0.074632774335954
"2018-05-03",2018-05-03,0,0,-0.0777065258393055,2445,0.0114519427402863,0,2445,0,-1,0.074632774335954
"2018-05-04",2018-05-04,0,0,-0.0777065258393055,2445,0.0114519427402863,0,2445,0,-1,0.074632774335954
"2018-05-07",2018-05-07,-0.023721881390593,1133700,-0.0995850622406635,2387,0,0,2445,103,-1.28155339805826,-0.26919272564747
"2018-05-08",2018-05-08,-0.00670297444490993,668100,-0.10562052055828,2371,0,2371,2387,104,-1.06060606060606,-0.331452390888547
"2018-05-09",2018-05-09,-0.0274145929987347,1192900,-0.130139569973595,2306,0,2306,2371,105,-1.23214285714286,-0.584382280930417
"2018-05-10",2018-05-10,0.0143104943625325,1229600,-0.117691437193512,2339,0.0141085934159897,2306,2339,105,-0.904347826086957,-0.310432433900492
"2018-05-11",2018-05-11,0.0282171868319795,1684500,-0.0927951716333457,2405,0.0411642411642411,0,2405,0,2.91767151767152,0.225485231502768
"2018-05-14",2018-05-14,-0.0324324324324324,2934900,-0.122218030931724,2327,0.00902449505801461,2306,2405,108,-1.31707317073171,-0.409572953336639
"2018-05-15",2018-05-15,0.0167597765363128,2346400,-0.107506601282535,2366,0.0253592561284869,2306,2405,0,2.81004709576138,-0.0893113692950458
"2018-05-16",2018-05-16,0.0270498732037194,2138400,-0.0833647680120707,2430,0.0423868312757202,2327,2430,108,1.67145404663923,0.335377768028235
"2018-05-17",2018-05-17,0.0246913580246914,1788800,-0.0607317993210107,2490,0.0654618473895582,0,2490,0,1.54439115686045,0.80688526307481
"2018-05-18",2018-05-18,0.0192771084337349,1748100,-0.0426254243681627,2538,0.0831363278171788,0,2538,0,1.26999666420108,1.17598798250296
"2018-05-21",2018-05-21,-0.00669818754925138,885500,-0.0490380988306296,2521,0.0769535898452994,2327,2538,113,-1.1504424778761,1.04605813783038
"2018-05-22",2018-05-22,0.00238000793335978,612400,-0.0467748019615235,2527,0.0791452314998021,2327,2538,0,1.0284800443866,1.09201371676958
"2018-05-23",2018-05-23,0.0245350217649387,1866700,-0.0233874009807615,2589,0.026264967168791,2521,2589,113,-0.499999999999995,0.787775711541734
"2018-05-24",2018-05-24,0.0127462340672074,2138300,-0.0109392682006788,2622,0.0385202135774219,0,2622,0,1.46660048458743,1.04260708269437
"2018-05-25",2018-05-25,0.0080091533180778,1470800,-0.00301772915880771,2643,0.0461596670450246,0,2643,0,1.19832323754509,1.20312880838188
"2018-05-28",2018-05-28,-0.0136208853575482,994900,-0.0165975103734437,2607,0.0329881089374761,2521,2643,118,-5.50000000000042,0.927171400791408
"2018-05-29",2018-05-29,-0.0314537782892213,1607900,-0.0475292342512257,2525,0.00158415841584159,2521,2643,0,-2.8636363636364,0.284138508101767
"2018-05-30",2018-05-30,0.000396039603960396,1609400,-0.0471520181063748,2526,0.00197941409342839,2521,2643,0,1.24950514647667,0.292107055731822
"2018-05-31",2018-05-31,-0.0229612034837688,9375800,-0.0690305545077328,2468,0,2468,2607,121,-1.464,0.0459968296354741
"2018-06-01",2018-06-01,-0.0105348460291734,1145300,-0.0788381742738588,2442,0,2442,2468,122,-1.14207650273224,-0.0551751263812741
"2018-06-04",2018-06-04,0.0184275184275184,902100,-0.0618634477555637,2487,0.0180940892641737,2442,2487,122,-0.78468899521531,0.306582442989181
"2018-06-05",2018-06-05,-0.012464817048653,820300,-0.0735571482459447,2456,0.00570032573289903,2442,2487,124,-1.1890243902439,0.0581046360730839
"2018-06-06",2018-06-06,-0.0394951140065147,1740100,-0.110147114296492,2359,0,2359,2456,125,-1.4974358974359,-0.378147139819353
"2018-06-07",2018-06-07,-0.00635862653666808,1213200,-0.115805356469257,2344,0,2344,2359,126,-1.0513698630137,-0.436515575982862
"2018-06-08",2018-06-08,0.00383959044368601,1439000,-0.112410411165598,2353,0.00382490437739058,2344,2353,126,-0.970684039087949,-0.362038146005252
"2018-06-11",2018-06-11,-0.00892477688057799,1597800,-0.120331950207469,2332,0,0,2353,128,-1.07046979865772,-0.48321032491367
"2018-06-12",2018-06-12,0.0158662092624357,1392300,-0.106374952847982,2369,0.015618404390038,2332,2369,128,-0.884012539184952,-0.178120882588916
"2018-06-13",2018-06-13,0.0308146897425074,1552000,-0.0788381742738586,2442,0.045045045045045,0,2442,0,2.88410031653274,0.40949371526876
"2018-06-14",2018-06-14,0.00204750204750205,824600,-0.0769520935496035,2447,0.0469963220269718,0,2447,0,1.04331834899877,0.44907854770805
"2018-06-15",2018-06-15,0.0171638741315897,1873100,-0.0611090154658616,2489,0.0630775411811972,0,2489,0,1.34218037626426,0.778398369748931
"2018-06-18",2018-06-18,-0.036560867818401,1120500,-0.0954356846473026,2398,0.0275229357798165,2332,2489,133,-1.56172839506173,0.0575277194708351
"2018-06-19",2018-06-19,-0.0195996663886572,1141300,-0.1131648434553,2351,0.00808166737558491,2332,2489,0,-1.18577075098814,-0.325909334239982
"2018-06-20",2018-06-20,-0.000850701829008932,1097700,-0.113919275745002,2349,0.00723712217965089,2332,2489,0,-1.00666666666667,-0.342403823596847
"2018-06-21",2018-06-21,-0.0170285227756492,1091100,-0.129007921539041,2309,0,2309,2398,136,-1.13245033112583,-0.572708593697713
"2018-06-22",2018-06-22,0.0194889562581204,748000,-0.112033195020746,2354,0.0191163976210705,2309,2354,136,-0.868421052631579,-0.200405250879073
"2018-06-25",2018-06-25,-0.00679694137638063,506900,-0.118068653338362,2338,0.0124037639007699,2309,2354,138,-1.05387205387205,-0.331910084642322
"2018-06-26",2018-06-26,0.0124037639007699,643400,-0.107129385137683,2367,0.0122517955217575,2338,2367,138,-0.907348242811501,-0.22063209374115
"2018-06-27",2018-06-27,0.0114068441064639,718400,-0.0969445492267066,2394,0.0233918128654971,0,2394,0,1.90925589836661,-0.000652407844131644
"2018-06-28",2018-06-28,0.0116959064327485,740800,-0.0863824971708788,2422,0.0346820809248555,0,2422,0,1.48265895953757,0.224768440667291
"2018-06-29",2018-06-29,0.00330305532617671,635200,-0.0833647680120705,2430,0.0378600823045268,0,2430,0,1.09163237311386,0.288681417768592
"2018-07-02",2018-07-02,-0.0329218106995885,837100,-0.113542059600151,2350,0.00510638297872346,2338,2430,143,-1.36199095022625,-0.360492550702322
"2018-07-03",2018-07-03,0.00425531914893617,862200,-0.109769898151641,2360,0.0093220338983051,2338,2430,0,1.8255649717514,-0.278093087749466
"2018-07-04",2018-07-04,0.000847457627118644,620200,-0.109015465861939,2362,0.0101608806096528,2338,2430,0,1.08998537449003,-0.261657381955348
"2018-07-05",2018-07-05,-0.0194750211685013,486400,-0.126367408525085,2316,0,2316,2362,146,-1.15916955017301,-0.545469990154745
"2018-07-06",2018-07-06,-0.0038860103626943,540700,-0.129762353828744,2307,0,2307,2316,147,-1.02686567164179,-0.58049105185285
"2018-07-09",2018-07-09,0.0160381447767664,375200,-0.115805356469257,2344,0.0157849829351536,2307,2344,147,-0.892441860465116,-0.273683243844919
"2018-07-10",2018-07-10,-0.0277303754266212,687300,-0.140324405884572,2279,0,0,2344,149,-1.21172638436482,-0.689445466024733
"2018-07-11",2018-07-11,-0.00789820096533567,482900,-0.14711429649189,2261,0,2261,2279,150,-1.04838709677419,-0.759487589420943
"2018-07-12",2018-07-12,0.0221141088014153,560800,-0.128253489249339,2311,0.0216356555603635,2261,2311,150,-0.871794871794871,-0.341740322374454
"2018-07-13",2018-07-13,0.0354824751189961,923700,-0.0973217653715575,2393,0.0551608859172587,0,2393,0,2.54953614709569,0.323174947009016
"2018-07-16",2018-07-16,0,0,-0.0973217653715575,2393,0.0551608859172587,0,2393,0,-1,0.323174947009016
"2018-07-17",2018-07-17,-0.00835770998746344,509300,-0.104866088268577,2373,0.0471976401179941,2261,2393,154,-1.07751937984496,0.163204322588394
"2018-07-18",2018-07-18,-0.00463548251158871,598700,-0.109015465861939,2362,0.0427603725656224,2261,2393,0,-1.03956834532374,0.0746275113200827
"2018-07-19",2018-07-19,0.00635055038103302,445800,-0.103357223689174,2377,0.0488010096760623,2261,2393,0,1.14126717678078,0.195309035329977
"2018-07-20",2018-07-20,0.0143037442153976,1063800,-0.0905318747642395,2411,0.0203235172127748,2362,2411,154,-0.875912408759123,0.0338470276877678
"2018-07-23",2018-07-23,-0.0111986727498963,422800,-0.100716710675217,2384,0.00922818791946312,2362,2411,158,-1.1125,-0.185671671998513
"2018-07-24",2018-07-24,0.00922818791946309,715100,-0.0924179554884945,2406,0.0182876142975894,2362,2411,0,1.98171238570241,-0.00661077611477549
"2018-07-25",2018-07-25,-0.0133000831255195,778700,-0.104488872123726,2374,0.0050547598989048,2362,2411,0,-1.13061224489796,-0.267635578375486
"2018-07-26",2018-07-26,0.0176916596461668,910600,-0.0886457940399846,2416,0.0173841059602649,2374,2416,158,3.43915562913906,0.0229812404308242
"2018-07-27",2018-07-27,0.0107615894039735,674000,-0.0788381742738588,2442,0.0278460278460279,0,2442,0,1.60180960180961,0.232074703002383
"2018-07-30",2018-07-30,-0.000819000819000819,557500,-0.0795926065635606,2440,0.0270491803278688,2374,2442,163,-1.00956937799043,0.216072246113441
"2018-07-31",2018-07-31,0.00204918032786885,703600,-0.0777065258393057,2445,0.00204498977505108,2440,2445,163,-0.976303317535546,-0.0224060438834788
"2018-08-01",2018-08-01,-0.00245398773006135,681900,-0.0799698227084117,2439,0,0,2445,165,-1.02912621359223,-0.0668488136139751
"2018-08-02",2018-08-02,-0.00820008200082001,826200,-0.0875141456054317,2419,0,2419,2439,166,-1.09433962264151,-0.14467339516532
"2018-08-03",2018-08-03,0.00785448532451426,573800,-0.0803470388532628,2438,0.00779327317473344,2419,2438,166,-0.918103448275863,0.00965262236505454
"2018-08-06",2018-08-06,-0.00123051681706317,400800,-0.0814786872878157,2435,0.00657084188911705,2419,2438,168,-1.01408450704225,-0.0146312360621941
"2018-08-07",2018-08-07,-0.00410677618069815,305400,-0.0852508487363258,2425,0.00247422680412368,2419,2438,0,-1.0462962962963,-0.095802767212172
"2018-08-08",2018-08-08,0.00206185567010309,335100,-0.0833647680120708,2430,0.00452674897119343,2419,2438,0,1.82956104252403,-0.0551735250524362
"2018-08-09",2018-08-09,-0.00493827160493827,361800,-0.0878913617502828,2418,0,2418,2435,171,-1.05429864253394,-0.148564624242888
"2018-08-10",2018-08-10,0.00620347394540943,644400,-0.0822331195775179,2433,0.00616522811344022,2418,2433,171,-0.935622317596568,-0.0265978632666137
"2018-08-13",2018-08-13,0.0480887792848335,3541900,-0.038098830629951,2550,0.0517647058823529,0,2550,0,8.39623529411761,0.899064113435694
"2018-08-14",2018-08-14,0.0105882352941176,1434400,-0.027913994718974,2577,0.0616996507566938,0,2577,0,1.19192507143613,1.10661269558091
"2018-08-15",2018-08-15,0.00620876988746605,2166000,-0.0218785364013582,2593,0.0674893945237177,0,2593,0,1.09383754520516,1.22859732118073
"2018-08-16",2018-08-16,-0.0084843810258388,1580900,-0.0301772915880801,2571,0.05950991831972,2418,2593,176,-1.37931034482758,1.06067681145823
"2018-08-17",2018-08-17,0.0108907040062233,949300,-0.0196152395322523,2599,0.0107733743747596,2571,2599,176,-0.650000000000007,0.66688217968545
"2018-08-20",2018-08-20,-0.0165448249326664,787700,-0.0358355337608453,2556,0,0,2599,178,-1.82692307692306,0.388424988461386
"2018-08-21",2018-08-21,0.00234741784037559,482200,-0.0335722368917394,2562,0.00234192037470726,2556,2562,178,-0.936842105263162,0.435930789822879
"2018-08-22",2018-08-22,-0.0160031225604996,825900,-0.0490380988306304,2521,0,0,2562,180,-1.46067415730337,0.252231970746532
"2018-08-23",2018-08-23,0.0178500595001983,1098600,-0.0320633723123354,2566,0.0175370226032736,2521,2566,180,-0.653846153846156,0.608243036372048
"2018-08-24",2018-08-24,0.0105222135619641,941300,-0.0218785364013583,2593,0.0277670651754724,0,2593,0,1.58333976089471,0.818835742577966
"2018-08-27",2018-08-27,0.0107983031237948,1315300,-0.0113164843455303,2621,0.0381533765738268,0,2621,0,1.37405146466573,1.03493169210992
"2018-08-28",2018-08-28,-0.00877527661198016,831800,-0.0199924556771034,2598,0.0296381832178599,2521,2621,184,-1.76666666666665,0.857593683590097
"2018-08-29",2018-08-29,0.00846805234795997,823100,-0.0116937004903814,2620,0.0377862595419848,2521,2621,0,1.27491821155943,1.02725341285258
"2018-08-30",2018-08-30,0.00152671755725191,621700,-0.0101848359109774,2624,0.00990853658536583,2598,2624,184,-0.870967741935487,0.755241544165987
"2018-08-31",2018-08-31,0.00190548780487805,749200,-0.00829875518672241,2629,0.0117915557246101,0,2629,0,1.19004008543758,0.794122252707495
"2018-09-03",2018-09-03,-0.00152149106124002,522100,-0.00980761976612632,2625,0.0102857142857142,2598,2629,188,-1.18181818181816,0.763023605741155
"2018-09-04",2018-09-04,-0.00419047619047619,416200,-0.0139569973594873,2614,0.00612088752869167,2598,2629,0,-1.42307692307691,0.677257197896052
"2018-09-05",2018-09-05,0.000382555470543229,578600,-0.0135797812146363,2615,0.00650095602294454,2598,2629,0,1.06209369024856,0.6850690798844
"2018-09-06",2018-09-06,0.00535372848948375,771000,-0.0082987551867223,2629,0.00570559147965011,2614,2629,188,-0.611111111111118,0.731341586083651
"2018-09-07",2018-09-07,-0.00190186382655002,560700,-0.0101848359109772,2624,0.00381097560975607,2614,2629,192,-1.22727272727271,0.692341249747509
"2018-09-10",2018-09-10,0.022484756097561,1787300,0,2683,0.0219903093551994,2624,2683,192,5.77025717480436,0.984936047808739
"2018-09-11",2018-09-11,0.00819977636973537,775200,0,2705,0.0299445471349353,0,2705,0,1.36171559259375,1.06698916711682
"2018-09-12",2018-09-12,0.00702402957486137,1131100,0,2724,0.0367107195301027,0,2724,0,1.22595674480158,1.13678662177854
"2018-09-13",2018-09-13,0.0275330396475771,1013900,0,2799,0.0625223294033583,0,2799,0,1.70310825294748,1.40305011089115
"2018-09-14",2018-09-14,-0.000714540907466952,928400,-0.000714540907466921,2797,0.0618519842688595,2624,2799,197,0,1.38876411356794
"2018-09-17",2018-09-17,0,0,-0.000714540907466921,2797,0.0618519842688595,2624,2799,0,-1,1.38876411356794
"2018-09-18",2018-09-18,0.000715051841258491,1131000,-1.11022302462516e-16,2799,0.000714540907466921,2797,2799,197,-1.55375712296298e-13,0.765462703516685
"2018-09-19",2018-09-19,0.0128617363344051,1009300,0,2835,0.0134038800705467,0,2835,0,18.758730158731,0.896361463287408
"2018-09-20",2018-09-20,0.0137566137566138,1052700,0,2874,0.0267919276270007,0,2874,0,1.99881881111966,1.0344678530977
"2018-09-21",2018-09-21,0.0187891440501044,1927800,0,2928,0.04474043715847,0,2928,0,1.66992229082393,1.21961836465768
"2018-09-24",2018-09-24,0,0,0,2928,0.04474043715847,0,2928,0,0,1.21961836465768
"2018-09-25",2018-09-25,0.00102459016393443,1150700,0,2931,0.0457181849198226,0,2931,0,1.02185378202474,1.22970446667488
"2018-09-26",2018-09-26,0.0133060388945752,1050900,0,2970,0.0582491582491582,0,2970,0,1.27409166289763,1.35896958020439
"2018-09-27",2018-09-27,-0.00168350168350168,1079200,-0.00168350168350173,2965,0.0566610455311973,2797,2970,206,0,1.32522075671597
"2018-09-28",2018-09-28,0.00404721753794266,758100,0,2977,0.00403090359422242,2965,2977,206,0,0.799673134577529
"2018-10-01",2018-10-01,0.0144440712126302,716600,0,3020,0.0182119205298014,0,3020,0,4.51807395143483,0.945959517603354
"2018-10-02",2018-10-02,-0.00662251655629139,834400,-0.00662251655629131,3000,0.0116666666666667,2965,3020,209,0,0.810125429263791
"2018-10-03",2018-10-03,0.015,654400,0,3045,0.0147783251231527,3000,3045,209,1.26671358198451,0.910539755036642
"2018-10-04",2018-10-04,-0.00656814449917898,551000,-0.00656814449917897,3025,0.00826446280991733,3000,3045,211,0,0.775590373902633
"2018-10-05",2018-10-05,-0.00826446280991736,689400,-0.0147783251231527,3000,0,3000,3025,212,-2.25,0.605643746623911
"2018-10-08",2018-10-08,0,0,-0.0147783251231527,3000,0,3000,3000,212,-1,0.605643746623911
"2018-10-09",2018-10-09,-0.0136666666666667,543200,-0.0282430213464696,2959,0,0,3000,214,-1.91111111111111,0.466746676124778
"2018-10-10",2018-10-10,0.0172355525515377,482000,-0.0114942528735632,3010,0.0169435215946844,2959,3010,214,-0.406976744186046,0.814304490365802
"2018-10-11",2018-10-11,-0.039202657807309,772700,-0.0502463054187192,2892,0,0,3010,216,-4.37142857142858,0.239768536528633
"2018-10-12",2018-10-12,-0.00518672199170124,498000,-0.0551724137931034,2877,0,2877,2892,217,-1.09803921568627,0.188952535126511
"2018-10-15",2018-10-15,-0.0274591588460202,730600,-0.0811165845648604,2798,0,2798,2877,218,-1.47023809523809,-0.07867840559133
"2018-10-16",2018-10-16,0.0139385275196569,577000,-0.0683087027914614,2837,0.0137469157560803,2798,2837,218,-0.842105263157895,0.19525154599236
"2018-10-17",2018-10-17,0.0155093408530137,550000,-0.0538587848932677,2881,0.0288094411662617,0,2881,0,2.09570216894063,0.499691531181662
"2018-10-18",2018-10-18,0.0163137799375217,756800,-0.038423645320197,2928,0.0443989071038251,0,2928,0,1.54112351043518,0.819730449798779
"2018-10-19",2018-10-19,-0.0259562841530055,707900,-0.0633825944170772,2852,0.0189340813464236,2798,2928,222,-1.64957264957265,0.299576523218602
"2018-10-22",2018-10-22,-0.00210378681626928,390500,-0.0653530377668309,2846,0.016865776528461,2798,2928,0,-1.03108808290155,0.257914217610244
"2018-10-23",2018-10-23,-0.0249472944483486,448200,-0.0886699507389163,2775,0,2775,2852,224,-1.35678391959799,-0.156596274407917
"2018-10-24",2018-10-24,0.00684684684684685,435800,-0.0824302134646961,2794,0.00680028632784535,2775,2794,224,-0.929629629629629,-0.0220799773057264
"2018-10-25",2018-10-25,-0.0257695060844667,455100,-0.106075533661741,2722,0,0,2794,226,-1.28685258964144,-0.336146146028749
"2018-10-26",2018-10-26,-0.00514327700220426,578400,-0.110673234811166,2708,0,2708,2722,227,-1.04334365325077,-0.383574414004062
"2018-10-29",2018-10-29,-0.00775480059084195,377800,-0.117569786535304,2687,0,2687,2708,228,-1.06231454005935,-0.454716815967033
"2018-10-30",2018-10-30,0.0279121697059918,815700,-0.0929392446633825,2762,0.0271542360608255,2687,2762,228,-0.790502793296089,0.0794767396848898
"2018-10-31",2018-10-31,0.0296886314265025,864300,-0.0660098522167487,2844,0.0552039381153305,0,2844,0,2.03297702766057,0.646621741566115
"2018-11-01",2018-11-01,-0.0509845288326301,1113100,-0.113628899835796,2699,0.00444609114486849,2687,2844,231,-1.72139303482587,-0.36819970235346
"2018-11-02",2018-11-02,0.0181548721748796,894600,-0.0975369458128078,2748,0.022197962154294,2687,2844,0,4.99269165453661,-0.0190787067124946
"2018-11-05",2018-11-05,-0.00218340611353712,1281300,-0.0995073891625614,2742,0.0200583515681984,2687,2844,0,-1.02020202020202,-0.0614765775455781
"2018-11-06",2018-11-06,-0.0269876002917578,1049200,-0.123809523809524,2668,0,2668,2748,234,-1.24422442244224,-0.519083751076385
"2018-11-07",2018-11-07,0.017616191904048,456700,-0.108374384236453,2715,0.0173112338858196,2668,2715,234,-0.875331564986737,-0.181283679877306
"2018-11-08",2018-11-08,0.0313075506445672,796400,-0.0804597701149422,2800,0.0471428571428572,0,2800,0,2.72325227963525,0.414406194680596
"2018-11-09",2018-11-09,0.00464285714285714,580800,-0.0761904761904758,2813,0.0515463917525774,0,2813,0,1.09340830990316,0.503872043472174
"2018-11-12",2018-11-12,0.00746533949520085,673300,-0.0692939244663379,2834,0.0585744530698659,0,2834,0,1.1363443895554,0.647513454107112
"2018-11-13",2018-11-13,0.00952717007762879,1038500,-0.0604269293924463,2861,0.0674589304439007,0,2861,0,1.15167836673503,0.830631400414234
"2018-11-14",2018-11-14,-0.0213212163579168,1161400,-0.0804597701149423,2800,0.0471428571428572,2668,2861,240,-1.33152173913044,0.414406194680595
"2018-11-15",2018-11-15,0.0203571428571429,612900,-0.0617405582922821,2857,0.0661533076653833,2668,2861,0,1.40325198078086,0.803612121331414
"2018-11-16",2018-11-16,-0.0115505775288764,1100800,-0.0725779967159275,2824,0.0552407932011332,2668,2861,0,-1.17553191489362,0.579247257132595
"2018-11-19",2018-11-19,0.0123937677053824,1350000,-0.061083743842364,2859,0.0668065757257782,2668,2861,0,1.2093703195487,0.817126471731648
"2018-11-20",2018-11-20,0.0167890870933893,925800,-0.0453201970443345,2907,0.0368077055383557,2800,2907,240,-0.741935483870967,0.670279882428692
"2018-11-21",2018-11-21,-0.0123839009287926,625000,-0.0571428571428568,2871,0.0247300592128178,2800,2907,245,-1.2608695652174,0.423732727463187
"2018-11-22",2018-11-22,-0.00557297109021247,647200,-0.0623973727421999,2855,0.0192644483362522,2800,2907,0,-1.0919540229885,0.313147673170954
"2018-11-23",2018-11-23,0,0,-0.0623973727421999,2855,0.0192644483362522,2800,2907,0,-1,0.313147673170954
"2018-11-26",2018-11-26,0.0231173380035026,1022000,-0.0407224958949094,2921,0.0225950017117426,2855,2921,245,1.17288599794591,0.571094896555038
"2018-11-27",2018-11-27,-0.0205409106470387,1207000,-0.0604269293924463,2861,0.00209716882209021,2855,2921,249,-1.48387096774194,0.156382456259761
"2018-11-28",2018-11-28,-0.00978678783642083,621500,-0.0696223316912969,2833,0,2833,2861,250,-1.15217391304348,0.0398922643469566
"2018-11-29",2018-11-29,0.0120014119308154,532300,-0.0584564860426926,2867,0.011859086152773,2833,2867,250,-0.839622641509432,0.277409362587574
"2018-11-30",2018-11-30,-0.0306941053365888,1470600,-0.0873563218390802,2779,0,0,2867,252,-1.49438202247191,-0.143045340700682
"2018-12-03",2018-12-03,0.0273479668945664,737400,-0.0623973727422,2855,0.0266199649737303,2779,2855,252,-0.714285714285713,0.389024595754927
"2018-12-04",2018-12-04,-0.031523642732049,735400,-0.0919540229885054,2765,0,0,2855,254,-1.47368421052632,-0.190473608675995
"2018-12-05",2018-12-05,0.000723327305605787,824600,-0.0912972085385875,2767,0.00072280448138784,2765,2767,254,-0.992857142857142,-0.176241945013827
"2018-12-06",2018-12-06,0.000361402240693892,547300,-0.0909688013136286,2768,0.00108381502890176,0,2768,0,1.49945809248547,-0.169130153751824
"2018-12-07",2018-12-07,0.0169797687861272,825200,-0.0755336617405581,2815,0.0177619893428064,0,2815,0,16.3883955002957,0.16213949756016
"2018-12-10",2018-12-10,-0.0220248667850799,770600,-0.095894909688013,2753,0,0,2815,258,-1.26956521739131,-0.231126409797694
"2018-12-11",2018-12-11,-0.0123501634580458,919700,-0.107060755336617,2719,0,2719,2753,259,-1.11643835616438,-0.346309346309169
"2018-12-12",2018-12-12,0.0331004045605002,688000,-0.0775041050903118,2809,0.0320398718405126,2719,2809,259,-0.723926380368099,0.289098711094933
"2018-12-13",2018-12-13,0.00533997864008544,696200,-0.0725779967159276,2824,0.0371813031161473,0,2824,0,1.16046978281398,0.392951909216103
"2018-12-14",2018-12-14,0.00531161473087819,847900,-0.0676518883415433,2839,0.0422684043677352,0,2839,0,1.13681879937604,0.49624465791791
"2018-12-17",2018-12-17,0.013032758013385,629800,-0.0555008210180621,2876,0.0545897079276774,0,2876,0,1.2915015067223,0.748693028642345
"2018-12-18",2018-12-18,-0.010778859527121,851700,-0.0656814449917894,2845,0.0442882249560632,2719,2876,264,-1.18343195266272,0.53740681726601
"2018-12-19",2018-12-19,0.0140597539543058,984400,-0.0525451559934316,2885,0.0138648180242634,2845,2885,264,-0.800000000000001,0.35907898880969
"2018-12-20",2018-12-20,-0.0211438474870017,1566400,-0.0725779967159275,2824,0,0,2885,266,-1.38125,0.00940266350568374
"2018-12-21",2018-12-21,-0.0123937677053824,5641400,-0.0840722495894908,2789,0,2789,2824,267,-1.15837104072398,-0.109168006432602
"2018-12-24",2018-12-24,0,0,-0.0840722495894908,2789,0,2789,2789,267,-1,-0.109168006432602
"2018-12-25",2018-12-25,-0.0702760846181427,1189600,-0.148440065681445,2593,0,0,2789,269,-1.765625,-0.773163758086994
"2018-12-26",2018-12-26,-0.000771307365985345,754300,-0.149096880131363,2591,0,2591,2593,270,-1.00442477876106,-0.779939224940611
"2018-12-27",2018-12-27,0.0764183712852181,869400,-0.0840722495894908,2789,0.0709931875224095,2591,2789,270,-0.563876651982378,0.62317274665341
"2018-12-28",2018-12-28,0.0268913589100036,853900,-0.0594417077175696,2864,0.0953212290502793,0,2864,0,1.34268135263247,1.12821227351942
"2018-12-31",2018-12-31,0,0,-0.0594417077175696,2864,0.0953212290502793,0,2864,0,-1,1.12821227351942
"2019-01-04",2019-01-04,0.0230446927374302,1017600,-0.037766830870279,2930,0.115699658703072,0,2930,0,1.21378689569816,1.56201939258005
"2019-01-07",2019-01-07,0.00784982935153584,1299700,-0.0302134646962231,2953,0.122587199458178,0,2953,0,1.05952948204266,1.71098670937237
"2019-01-08",2019-01-08,-0.0199796816796478,1033100,-0.0495894909688012,2894,0.104699378023497,2591,2953,276,-1.64130434782609,1.32658596269224
"2019-01-09",2019-01-09,0.0328265376641327,778100,-0.0183908045977009,2989,0.0317832050853128,2894,2989,276,-0.370860927152315,0.896243043947399
"2019-01-10",2019-01-10,0.013716962194714,848700,-0.00492610837438401,3030,0.0448844884488449,0,3030,0,1.4122077470905,1.17028834570201
"2019-01-11",2019-01-11,-0.0105610561056106,911100,-0.0154351395730702,2998,0.0346897931954636,2894,3030,279,-3.13333333333339,0.956715985441279
"2019-01-15",2019-01-15,0.00233488992661775,1129800,-0.0131362889983576,3005,0.0369384359400998,2894,3030,0,1.06482145142711,1.00362632710039
"2019-01-16",2019-01-16,0.0199667221297837,1094300,0,3065,0.0218597063621534,2998,3065,279,0,0.983588793267556
"2019-01-17",2019-01-17,-0.00163132137030995,575600,-0.00163132137031008,3060,0.0202614379084968,2998,3065,282,0,0.950273480539893
"2019-01-18",2019-01-18,0.00490196078431373,769900,0,3075,0.00487804878048781,3060,3075,282,0,0.808411986365061
"2019-01-21",2019-01-21,-0.0227642276422764,1174000,-0.0227642276422764,3005,0,0,3075,284,0,0.523263985001285
"2019-01-22",2019-01-22,-0.00166389351081531,451000,-0.0243902439024389,3000,0,3000,3005,285,-1.07142857142857,0.506490573156357
"2019-01-23",2019-01-23,-0.00266666666666667,398300,-0.0269918699186991,2992,0,2992,3000,286,-1.10666666666667,0.479653114204472
"2019-01-24",2019-01-24,-0.00233957219251337,512800,-0.0292682926829267,2985,0,2985,2992,287,-1.08433734939759,0.456170337621573
"2019-01-25",2019-01-25,-0.0281407035175879,1192500,-0.0565853658536585,2901,0,2901,2985,288,-1.93333333333334,0.174377018626782
"2019-01-28",2019-01-28,-0.0093071354705274,558400,-0.0653658536585365,2874,0,2874,2901,289,-1.1551724137931,0.08380059466417
"2019-01-29",2019-01-29,0.011482254697286,791200,-0.0546341463414635,2907,0.0113519091847265,2874,2907,289,-0.835820895522389,0.311607415349402
"2019-01-30",2019-01-30,-0.00275197798417613,881200,-0.0572357723577236,2899,0.00862366333218356,2874,2907,291,-1.04761904761905,0.256626331748682
"2019-01-31",2019-01-31,0.00620903759917213,738200,-0.0513821138211382,2917,0.0061707233459033,2899,2917,291,-0.897727272727273,0.291706948228649
"2019-02-01",2019-02-01,0.0143983544737744,1039700,-0.0377235772357724,2959,0.0202771206488679,0,2959,0,3.28602005181933,0.578120240866691
"2019-02-04",2019-02-04,0.0111524163568773,1145800,-0.0269918699186993,2992,0.0310828877005348,0,2992,0,1.53290441176471,0.800293251393862
"2019-02-05",2019-02-05,0.0127005347593583,489700,-0.0146341463414634,3030,0.0432343234323432,0,3030,0,1.39093651300614,1.05312111857795
"2019-02-06",2019-02-06,-0.0066006600660066,365100,-0.0211382113821138,3010,0.0368770764119601,2899,3030,296,-1.44444444444444,0.920448346877446
"2019-02-07",2019-02-07,-0.00930232558139535,454000,-0.0302439024390244,2982,0.0278336686787392,2899,3030,0,-1.43076923076923,0.733228627075431
"2019-02-08",2019-02-08,-0.00804828973843058,405800,-0.038048780487805,2958,0.019945909398242,2899,3030,0,-1.25806451612904,0.571348899728335
"2019-02-12",2019-02-12,0.017579445571332,497400,-0.0211382113821138,3010,0.0368770764119601,2899,3030,0,1.84885410214539,0.920448346877446
"2019-02-13",2019-02-13,-0.0109634551495017,524000,-0.0318699186991871,2977,0.0262008733624454,2899,3030,0,-1.50769230769231,0.699611873026823
"2019-02-14",2019-02-14,0.0094054417198522,770400,-0.0227642276422765,3005,0.0352745424292845,2899,3030,0,1.34631170271769,0.887143758103067
"2019-02-15",2019-02-15,0.0166389351081531,784300,-0.00650406504065049,3055,0.0317512274959083,2958,3055,296,-0.285714285714288,1.01853259890365
"2019-02-18",2019-02-18,0.00818330605564648,560100,0,3080,0.0396103896103897,0,3080,0,1.24752309546124,1.16669859846825
"2019-02-19",2019-02-19,0.0211038961038961,729500,0,3145,0.0594594594594594,0,3145,0,1.50110766504209,1.37145462180832
"2019-02-20",2019-02-20,0.0127186009538951,769000,0,3185,0.0712715855572998,0,3185,0,1.19865848437277,1.49330436012735
"2019-02-21",2019-02-21,-0.00627943485086342,548800,-0.00627943485086346,3165,0.0654028436018957,2958,3185,306,0,1.36798804089439
"2019-02-22",2019-02-22,-0.00157977883096367,469100,-0.00784929356357933,3160,0.0639240506329114,2958,3185,0,-1.25,1.33653922240362
"2019-02-25",2019-02-25,0.0158227848101266,773900,0,3210,0.0155763239875389,3160,3210,306,0,0.918771630653185
"2019-02-26",2019-02-26,0.014018691588785,708400,0,3255,0.0291858678955453,0,3255,0,1.87373271889401,1.05916289892242
"2019-02-27",2019-02-27,-0.00153609831029186,547800,-0.001536098310292,3250,0.0276923076923077,3160,3255,310,0,1.02791000727431
"2019-02-28",2019-02-28,0.00307692307692308,612500,0,3260,0.00306748466257667,3250,3260,310,0,0.789734843727917
"2019-03-01",2019-03-01,0.00306748466257669,537800,0,3270,0.00611620795107037,0,3270,0,1.99388379204895,0.821184400889181
"2019-03-04",2019-03-04,0.00305810397553517,473700,0,3280,0.00914634146341464,0,3280,0,1.49542682926828,0.852442192457997
"2019-03-05",2019-03-05,0.00152439024390244,548000,0,3285,0.010654490106545,0,3285,0,1.16489091831558,0.867999723421472
"2019-03-06",2019-03-06,-0.0136986301369863,349900,-0.0136986301369865,3240,0,0,3285,315,0,0.616781500355881
"2019-03-07",2019-03-07,0.00771604938271605,525900,-0.00608828006088302,3265,0.00765696784073511,3240,3265,315,-0.444444444444455,0.774273782235629
"2019-03-08",2019-03-08,-0.0137825421133231,733000,-0.0197869101978693,3220,0,0,3265,317,-3.24999999999991,0.553976944589484
"2019-03-11",2019-03-11,0.0046583850931677,296300,-0.0152207001522072,3235,0.00463678516228749,3220,3235,317,-0.769230769230774,0.648911806319834
"2019-03-12",2019-03-12,0.00309119010819165,471400,-0.0121765601217659,3245,0.00770416024653309,0,3245,0,1.66153055983563,0.711956046729148
"2019-03-13",2019-03-13,-0.00154083204930663,479000,-0.0136986301369866,3240,0.00617283950617287,3220,3245,320,-1.12499999999999,0.680458341619033
"2019-03-14",2019-03-14,-0.0185185185185185,495500,-0.031963470319635,3180,0,3180,3240,321,-2.33333333333331,0.428367833056688
"2019-03-15",2019-03-15,0.0110062893081761,748100,-0.02130898021309,3215,0.0108864696734059,3180,3215,321,-0.666666666666668,0.650576797860038
"2019-03-18",2019-03-18,-0.0139968895800933,427400,-0.0350076103500764,3170,0,0,3215,323,-1.64285714285714,0.39696555517349
"2019-03-19",2019-03-19,0.0126182965299685,288400,-0.0228310502283108,3210,0.0124610591900312,3170,3210,323,-0.652173913043481,0.651118570564611
"2019-03-20",2019-03-20,0.00778816199376947,752100,-0.0152207001522073,3235,0.0200927357032458,0,3235,0,1.61244204018547,0.808349956005006
"2019-03-22",2019-03-22,-0.00154559505409583,484900,-0.016742770167428,3230,0.0185758513931888,3170,3235,326,-1.09999999999999,0.777001172032386
"2019-03-25",2019-03-25,-0.0185758513931889,538600,-0.0350076103500764,3170,0,3170,3230,327,-2.09090909090907,0.39696555517349
"2019-03-26",2019-03-26,0.0347003154574132,569800,-0.00152207001522087,3280,0.0335365853658537,3170,3280,327,-0.0434782608695696,1.08834223119032
"2019-03-27",2019-03-27,-0.0121951219512195,349500,-0.0136986301369866,3240,0.0216049382716049,3170,3280,329,-8.9999999999992,0.839650444776915
"2019-03-28",2019-03-28,-0.0123456790123457,421700,-0.0258751902587523,3200,0.00937500000000002,3170,3280,0,-1.88888888888888,0.587881591491498
"2019-03-29",2019-03-29,0.0078125,667800,-0.0182648401826487,3225,0.0170542635658915,3170,3280,0,1.81912144702842,0.74560386823021
"2019-04-01",2019-04-01,-0.00310077519379845,436100,-0.0213089802130901,3215,0.0139968895800933,3170,3280,0,-1.16666666666666,0.682662795634938
"2019-04-02",2019-04-02,0.00933125972006221,375200,-0.012176560121766,3245,0.0231124807395994,3170,3280,0,1.65125834617361,0.870902861592487
"2019-04-03",2019-04-03,0.00924499229583975,339800,-0.00304414003044184,3275,0.0320610687022901,3170,3280,0,1.38717557251909,1.05742018130928
"2019-04-04",2019-04-04,-0.0137404580152672,279600,-0.0167427701674282,3230,0.0185758513931888,3170,3280,0,-5.49999999999936,0.777001172032383
"2019-04-05",2019-04-05,-0.0170278637770898,514100,-0.0334855403348558,3175,0.00157480314960634,3170,3280,0,-1.99999999999997,0.428911809523955
"2019-04-08",2019-04-08,0.0047244094488189,290500,-0.0289193302891938,3190,0.00626959247648906,3170,3280,0,3.98119122257045,0.524445021815313
"2019-04-09",2019-04-09,0,342900,-0.0289193302891938,3190,0.00626959247648906,3170,3280,0,-1,0.524445021815313
"2019-04-10",2019-04-10,-0.00313479623824451,231600,-0.0319634703196353,3180,0.00314465408805031,3170,3280,0,-1.10526315789474,0.460806978605838
"2019-04-11",2019-04-11,0.00157232704402516,280300,-0.0304414003044146,3185,0.0047095761381476,3170,3280,0,1.49764521193094,0.492651303009105
"2019-04-12",2019-04-12,-0.00156985871271586,490300,-0.0319634703196353,3180,0.00314465408805031,3170,3280,0,-1.05,0.460806978605838
"2019-04-15",2019-04-15,0.00628930817610063,423000,-0.0258751902587525,3200,0.00937500000000002,3170,3280,0,2.98125000000001,0.587881591491496
"2019-04-16",2019-04-16,0,329000,-0.0258751902587525,3200,0.00937500000000002,3170,3280,0,-1,0.587881591491496
"2019-04-17",2019-04-17,-0.00625,575500,-0.0319634703196353,3180,0.00314465408805031,3170,3280,0,-1.23529411764705,0.460806978605838
"2019-04-18",2019-04-18,-0.0220125786163522,674700,-0.053272450532725,3110,0,3110,3275,345,-1.66666666666665,0.208551887874296
"2019-04-19",2019-04-19,-0.0382636655948553,1303400,-0.0894977168949777,2991,0,2991,3110,346,-1.67999999999999,-0.165135218935768
"2019-04-22",2019-04-22,-0.00367769976596456,699000,-0.0928462709284632,2980,0,2980,2991,347,-1.03741496598639,-0.199677724607286
"2019-04-23",2019-04-23,0.00671140939597315,514300,-0.0867579908675803,3000,0.00666666666666671,2980,3000,347,-0.934426229508196,-0.0681021802766824
"2019-04-24",2019-04-24,0.0183333333333333,867400,-0.0700152207001526,3055,0.0245499181669394,0,3055,0,3.68248772504089,0.289087680743318
"2019-04-25",2019-04-25,0.0130932896890344,610400,-0.057838660578387,3095,0.037156704361874,0,3095,0,1.51351642434034,0.544743964662596
"2019-04-26",2019-04-26,-0.0387722132471729,1484300,-0.0943683409436838,2975,0,0,3095,351,-1.63157894736842,-0.215378863548885
"2019-05-07",2019-05-07,-0.00840336134453781,1241200,-0.101978691019787,2950,0,2950,2975,352,-1.08064516129032,-0.293884558256881
"2019-05-08",2019-05-08,-0.0132203389830508,722800,-0.113850837138509,2911,0,2911,2950,353,-1.11641791044776,-0.416353442001355
"2019-05-09",2019-05-09,-0.0144280316042597,1062100,-0.126636225266363,2869,0,2869,2911,354,-1.11229946524064,-0.548243009110789
"2019-05-10",2019-05-10,-0.00557685604740328,998500,-0.131506849315069,2853,0,2853,2869,355,-1.03846153846154,-0.598486653723907
"2019-05-13",2019-05-13,0.00140203294777427,460200,-0.130289193302892,2857,0.00140007000350018,2853,2857,355,-0.990740740740742,-0.57148311284066
"2019-05-14",2019-05-14,0.0206510325516276,1206400,-0.112328767123288,2916,0.0216049382716049,0,2916,0,15.4313271604938,-0.177783358638722
"2019-05-15",2019-05-15,0.0202331961591221,889900,-0.094368340943684,2975,0.0410084033613446,0,2975,0,1.89810324129652,0.207649402241014
"2019-05-16",2019-05-16,0.00403361344537815,725100,-0.0907153729071543,2987,0.0448610646133244,0,2987,0,1.09394809200525,0.285074834136101
"2019-05-17",2019-05-17,0.0177435554067626,656000,-0.0745814307458148,3040,0.0615131578947369,0,3040,0,1.37119255695208,0.623284044410968
"2019-05-20",2019-05-20,0.0197368421052632,797900,-0.0563165905631665,3100,0.0796774193548387,0,3100,0,1.29529066758668,0.999073844282643
"2019-05-21",2019-05-21,-0.0209677419354839,882600,-0.0761035007610356,3035,0.0599670510708402,2853,3100,362,-1.35135135135135,0.591633811263583
"2019-05-22",2019-05-22,-0.042504118616145,1238600,-0.11537290715373,2906,0.0182381280110117,2853,3100,0,-1.516,-0.243916467011288
"2019-05-23",2019-05-23,-0.00344115622849277,1172200,-0.118417047184171,2896,0.0148480662983426,2853,3100,0,-1.02638522427441,-0.310289429185574
"2019-05-24",2019-05-24,0.00276243093922652,792900,-0.115981735159818,2904,0.0175619834710744,2853,3100,0,1.18277916586585,-0.257171791851494
"2019-05-27",2019-05-27,-0.00309917355371901,712500,-0.118721461187215,2895,0.0145077720207254,2853,3100,0,-1.02362204724409,-0.316940013055065
"2019-05-28",2019-05-28,0.0127806563039724,4830000,-0.107458143074582,2932,0.0269440654843111,2853,3100,0,1.85721594231144,-0.0724631555524298
"2019-05-29",2019-05-29,-0.00648021828103683,683600,-0.113242009132421,2913,0.0205973223480947,2853,3100,0,-1.05382436260623,-0.19759825347661
"2019-05-30",2019-05-30,-0.00446275317542053,637800,-0.117199391171995,2900,0.0162068965517241,2853,3100,0,-1.03494623655914,-0.283711303059896
"2019-05-31",2019-05-31,0.0141379310344828,858900,-0.104718417047185,2941,0.0299217953077184,2853,3100,0,1.8462384338805,-0.013483891912625
"2019-06-03",2019-06-03,0.0336620197211833,828400,-0.0745814307458151,3040,0.0615131578947369,2853,3100,0,2.05579769736842,0.623284044410965
"2019-06-04",2019-06-04,-0.0391447368421053,740300,-0.110806697108068,2921,0.0232796987333105,2853,3100,0,-1.48571428571428,-0.144805979813166
"2019-06-05",2019-06-05,0.0373159876754536,724000,-0.0776255707762566,3030,0.0584158415841585,2853,3100,0,2.50930401863716,0.559930940841588
"2019-06-06",2019-06-06,-0.0066006600660066,554400,-0.0837138508371393,3010,0.0521594684385382,2853,3100,0,-1.07843137254902,0.432587840167565
"2019-06-07",2019-06-07,0.00664451827242525,438200,-0.0776255707762564,3030,0.0584158415841585,2853,3100,0,1.11994702654979,0.55993094084159
"2019-06-10",2019-06-10,0.0066006600660066,409000,-0.0715372907153736,3050,0.0645901639344262,2853,3100,0,1.10569602667407,0.686427634369284
"2019-06-11",2019-06-11,0,320400,-0.0715372907153736,3050,0.0645901639344262,2853,3100,0,-1,0.686427634369284
"2019-06-12",2019-06-12,0.0213114754098361,632400,-0.0517503805175046,3115,0.0706260032102729,2895,3115,362,1.09344827305245,0.952806035682269
"2019-06-13",2019-06-13,0.0112359550561798,669800,-0.0410958904109596,3150,0.080952380952381,0,3150,0,1.14621212121212,1.16923728911529
"2019-06-14",2019-06-14,0,467400,-0.0410958904109596,3150,0.080952380952381,0,3150,0,-1,1.16923728911529
"2019-06-17",2019-06-17,-0.00158730158730159,514100,-0.0426179604261804,3145,0.0794912559618441,2895,3150,381,-1.03703703703704,1.13846369867143
"2019-06-18",2019-06-18,-0.00158982511923688,438500,-0.044140030441401,3140,0.0780254777070064,2895,3150,0,-1.03571428571428,1.10764210678966
"2019-06-19",2019-06-19,0.0143312101910828,363100,-0.0304414003044148,3185,0.0141287284144427,3140,3185,381,-0.689655172413799,0.589815965030742
"2019-06-20",2019-06-20,-0.0156985871271586,371900,-0.0456621004566217,3135,0,0,3185,384,-1.49999999999998,0.287057582582291
"2019-06-21",2019-06-21,-0.0127591706539075,650700,-0.0578386605783873,3095,0,3095,3135,385,-1.26666666666666,0.161448471049496
"2019-06-24",2019-06-24,-0.00807754442649435,250100,-0.0654490106544908,3070,0,3070,3095,386,-1.13157894736842,0.0829427763414991
"2019-06-25",2019-06-25,0.00977198697068404,426800,-0.0563165905631666,3100,0.00967741935483868,3070,3100,386,-0.860465116279071,0.276978464358489
"2019-06-26",2019-06-26,-0.0290322580645161,463800,-0.0837138508371392,3010,0,0,3100,388,-1.48648648648648,-0.105470890957693
"2019-06-27",2019-06-27,0.00498338870431894,426800,-0.0791476407914772,3025,0.00495867768595037,3010,3025,388,-0.945454545454547,-0.00721549916778452
"2019-06-28",2019-06-28,0.00991735537190083,570900,-0.0700152207001531,3055,0.0147299509001637,0,3055,0,2.97054009819971,0.187788352252668
"2019-07-01",2019-07-01,0.0147299509001637,431400,-0.0563165905631667,3100,0.0290322580645161,0,3100,0,1.97096774193548,0.476636173093277
"2019-07-02",2019-07-02,-0.00967741935483871,336100,-0.0654490106544908,3070,0.0195439739413681,3010,3100,392,-1.16216216216216,0.284551537604641
"2019-07-03",2019-07-03,-0.00488599348534202,279000,-0.0700152207001529,3055,0.0147299509001637,3010,3100,0,-1.06976744186046,0.187788352252671
"2019-07-04",2019-07-04,-0.0016366612111293,322600,-0.0715372907153736,3050,0.0131147540983606,3010,3100,0,-1.02173913043478,0.155425411193209
"2019-07-05",2019-07-05,0.00819672131147541,296600,-0.0639269406392702,3075,0.0211382113821138,3010,3100,0,1.61178861788618,0.316698269267162
"2019-07-08",2019-07-08,-0.0195121951219512,337200,-0.0821917808219186,3015,0.00165837479270314,3010,3100,0,-1.28571428571428,-0.0726625409304708
"2019-07-09",2019-07-09,-0.0142620232172471,529100,-0.0952815829528166,2972,0,2972,3075,397,-1.15925925925926,-0.224799546913848
"2019-07-10",2019-07-10,0.01278600269179,479200,-0.0837138508371392,3010,0.012624584717608,2972,3010,397,-0.878594249201278,0.0247598847286755
"2019-07-11",2019-07-11,0.00332225913621262,473200,-0.0806697108066979,3020,0.0158940397350993,0,3020,0,1.25897525270129,0.0898887106547347
"2019-07-12",2019-07-12,-0.0033112582781457,326800,-0.0837138508371393,3010,0.012624584717608,2972,3020,400,-1.0377358490566,0.0247598847286744
"2019-07-16",2019-07-16,-0.00166112956810631,525100,-0.08523592085236,3005,0.010981697171381,2972,3020,0,-1.01818181818182,-0.00788870431100199
"2019-07-17",2019-07-17,0.0133111480865225,387000,-0.0730593607305945,3045,0.0131362889983579,3005,3045,400,1.19619843757775,0.139946418705826
"2019-07-18",2019-07-18,-0.0187192118226601,671100,-0.0904109589041104,2988,0,0,3045,403,-1.2375,-0.174555902300731
"2019-07-19",2019-07-19,0.0224230254350736,510000,-0.0700152207001531,3055,0.0219312602291326,2988,3055,403,-0.774410774410777,0.262074526479142
"2019-07-22",2019-07-22,-0.0130932896890344,197600,-0.0821917808219186,3015,0.008955223880597,2988,3055,405,-1.17391304347826,0.00260918784627082
"2019-07-23",2019-07-23,0.0149253731343284,195200,-0.0684931506849322,3060,0.0147058823529411,3015,3060,405,1.6421568627451,0.203241208526399
"2019-07-24",2019-07-24,-0.0065359477124183,262100,-0.074581430745815,3040,0.00822368421052633,3015,3060,407,-1.08888888888889,0.0735685766115641
"2019-07-25",2019-07-25,-0.00986842105263158,295800,-0.0837138508371392,3010,0,3010,3040,408,-1.12244897959184,-0.105470890957693
"2019-07-26",2019-07-26,0.00664451827242525,247600,-0.0776255707762563,3030,0.00660066006600657,3010,3030,408,-0.927272727272727,0.0254237524960371
"2019-07-29",2019-07-29,0.0132013201320132,235700,-0.0654490106544908,3070,0.0195439739413681,0,3070,0,2.96091205211728,0.284551537604641
"2019-07-30",2019-07-30,-0.0146579804560261,488900,-0.0791476407914772,3025,0.00495867768595037,3010,3070,411,-1.20930232558139,-0.00721549916778452
"2019-07-31",2019-07-31,-0.0456198347107438,1331600,-0.121156773211568,2887,0,2887,3025,412,-1.53076923076923,-0.491718908921036
"2019-08-01",2019-08-01,-0.0509179078628334,1745800,-0.165905631659057,2740,0,2740,2887,413,-1.36934673366834,-0.953332393804054
"2019-08-02",2019-08-02,-0.0109489051094891,1085700,-0.175038051750381,2710,0,2710,2740,414,-1.05504587155963,-1.04753922745365
"2019-08-05",2019-08-05,0.0025830258302583,1037500,-0.172907153729072,2717,0.00257637099742358,2710,2717,414,-0.987826086956521,-0.998980695875265
"2019-08-06",2019-08-06,-0.0106735369893265,703500,-0.181735159817352,2688,0,0,2717,416,-1.05105633802817,-1.11662423879669
"2019-08-07",2019-08-07,0.0145089285714286,596400,-0.169863013698631,2727,0.0143014301430143,2688,2727,416,-0.934673366834171,-0.84662683172966
"2019-08-08",2019-08-08,-0.00623395672900623,479200,-0.175038051750381,2710,0.00811808118081181,2688,2727,418,-1.03046594982079,-0.963795957246315
"2019-08-09",2019-08-09,0,486000,-0.175038051750381,2710,0.00811808118081181,2688,2727,0,-1,-0.963795957246315
"2019-08-13",2019-08-13,0.000738007380073801,651900,-0.174429223744293,2712,0.00884955752212391,2688,2727,0,1.09010458567981,-0.949969849004171
"2019-08-14",2019-08-14,0.00921828908554572,551200,-0.166818873668189,2737,0.00986481549141394,2710,2737,418,1.11472415052977,-0.860991110166811
"2019-08-15",2019-08-15,-0.0131530873218853,378000,-0.177777777777778,2701,0,0,2737,422,-1.06569343065693,-1.07580127754853
"2019-08-16",2019-08-16,0,510900,-0.177777777777778,2701,0,2701,2701,422,-1,-1.07580127754853
"2019-08-19",2019-08-19,-0.00814513143280267,541700,-0.18447488584475,2679,0,0,2701,424,-1.03767123287671,-1.14488628889157
"2019-08-20",2019-08-20,0.0220231429637925,617400,-0.166514459665145,2738,0.0215485756026297,2679,2738,424,-0.902640264026403,-0.737325322429191
"2019-08-21",2019-08-21,0.00182615047479912,432100,-0.164992389649925,2743,0.0233321181188479,0,2743,0,1.0827684645662,-0.7032257861896
"2019-08-22",2019-08-22,0.016040831206708,461600,-0.151598173515982,2787,0.038751345532831,0,2787,0,1.66085844994618,-0.405996436680141
"2019-08-23",2019-08-23,-0.00502332256907069,291200,-0.1558599695586,2773,0.0338983050847458,2679,2787,428,-1.0281124497992,-0.500021884090152
"2019-08-26",2019-08-26,-0.0137035701406419,548900,-0.167427701674278,2735,0.0204753199268739,2679,2787,0,-1.07421875,-0.757817333864731
"2019-08-27",2019-08-27,0.0102376599634369,400200,-0.158904109589042,2763,0.0304017372421281,2679,2787,0,1.48479913137893,-0.567493526041144
"2019-08-28",2019-08-28,0.00760043431053203,301500,-0.152511415525115,2784,0.0377155172413793,2679,2787,0,1.24057112068966,-0.426102360382986
"2019-08-29",2019-08-29,0.00933908045977012,383800,-0.144596651445967,2810,0.0266903914590747,2735,2810,428,-0.948103792415169,-0.458187757750737
"2019-08-30",2019-08-30,0.0117437722419929,594600,-0.134550989345511,2843,0.0379880408019697,0,2843,0,1.42328526204713,-0.238017663671787
"2019-09-02",2019-09-02,-0.0172353148083011,352300,-0.149467275494674,2794,0.0211166785969935,2735,2843,434,-1.11085972850679,-0.565927863888608
"2019-09-03",2019-09-03,0.0103793843951324,201000,-0.140639269406393,2823,0.0311725115125753,2735,2843,0,1.47620334179891,-0.371128822461177
"2019-09-04",2019-09-04,-0.00212539851222104,310000,-0.142465753424658,2817,0.0291089811856585,2735,2843,0,-1.01298701298701,-0.411256842268238
"2019-09-05",2019-09-05,0.0191693290734824,527600,-0.126027397260275,2871,0.0268199233716475,2794,2871,434,-0.884615384615386,-0.265297657011489
"2019-09-06",2019-09-06,-0.0205503308951585,421900,-0.143987823439879,2812,0.00640113798008535,2794,2871,438,-1.14251207729469,-0.661204105021073
"2019-09-09",2019-09-09,0.0128022759601707,327600,-0.13302891933029,2848,0.0189606741573034,2794,2871,0,2.9620786516854,-0.41859614681928
"2019-09-10",2019-09-10,-0.00948033707865169,567300,-0.141248097412482,2821,0.00957107408720315,2794,2871,0,-1.06178489702517,-0.600242108960415
"2019-09-11",2019-09-11,0.0187876639489543,504300,-0.125114155251142,2874,0.0215727209464162,2812,2874,438,2.25394984406814,-0.310005268343477
"2019-09-12",2019-09-12,-0.0107863604732081,680400,-0.13455098934551,2843,0.0109039746746394,2812,2874,442,-1.07542579075426,-0.517407363959007
"2019-09-13",2019-09-13,-0.0397467463946535,1914000,-0.168949771689498,2730,0,2730,2843,443,-1.25565610859728,-0.98473467168725
"2019-09-17",2019-09-17,-0.000366300366300366,1075100,-0.169254185692542,2729,0,2729,2730,444,-1.0018018018018,-0.987874899475571
"2019-09-18",2019-09-18,-0.00109930377427629,898300,-0.170167427701675,2726,0,2726,2729,445,-1.00539568345324,-0.99729558284053
"2019-09-19",2019-09-19,0.00917094644167278,1004100,-0.162557077625571,2751,0.00908760450745183,2726,2751,445,-0.955277280858677,-0.825045356283836
"2019-09-20",2019-09-20,-0.0178117048346056,1668000,-0.177473363774734,2702,0,0,2751,447,-1.09176029962547,-1.07266104976021
"2019-09-24",2019-09-24,0.0074019245003701,991700,-0.171385083713851,2722,0.00734753857457748,2702,2722,447,-0.965694682675816,-0.934061870300713
"2019-09-25",2019-09-25,0.0139603232916973,697000,-0.159817351598174,2760,0.0210144927536232,0,2760,0,2.86007246376813,-0.673749721911356
"2019-09-26",2019-09-26,-0.0195652173913043,1205600,-0.176255707762558,2706,0.00147819660014781,2702,2760,450,-1.10285714285714,-1.04485158238427
"2019-09-27",2019-09-27,-0.00591278640059128,694000,-0.181126331811264,2690,0,2690,2706,451,-1.02763385146805,-1.11034378322004
"2019-09-30",2019-09-30,-0.016728624535316,733200,-0.19482496194825,2645,0,2645,2690,452,-1.07563025210084,-1.25165403369444
"2019-10-01",2019-10-01,0.0204158790170132,623400,-0.178386605783866,2699,0.0200074101519081,2645,2699,452,-0.915625,-0.875692326911732
"2019-10-02",2019-10-02,-0.000741015190811412,608900,-0.178995433789955,2697,0.0192806822395254,2645,2699,454,-1.00341296928328,-0.889469452031134
"2019-10-03",2019-10-03,-0.0244716351501669,790800,-0.199086757990868,2631,0,2631,2697,455,-1.11224489795918,-1.29561722273092
"2019-10-04",2019-10-04,0.00228050171037628,804200,-0.197260273972603,2637,0.00227531285551763,2631,2637,455,-0.990825688073395,-1.25330452884598
"2019-10-07",2019-10-07,0.00530906332954115,429000,-0.192998477929985,2651,0.00754432289702001,0,2651,0,3.3157299132403,-1.15498808541317
"2019-10-08",2019-10-08,0.00641267446246699,561700,-0.187823439878235,2668,0.0138680659670165,0,2668,0,1.83821214392803,-1.03637070365928
"2019-10-09",2019-10-09,-0.00637181409295352,628100,-0.192998477929985,2651,0.00754432289702001,2631,2668,459,-1.02755267423015,-1.15498808541317
"2019-10-10",2019-10-10,0.004903809883063,550800,-0.189041095890411,2664,0.0123873873873874,2631,2668,0,1.6419481981982,-1.0642057742626
"2019-10-11",2019-10-11,-0.000375375375375375,435100,-0.189345509893455,2663,0.0120165227187383,2631,2668,0,-1.00161030595813,-1.0711717115339
"2019-10-15",2019-10-15,0.00337964701464514,559000,-0.186605783866058,2672,0.00785928143712578,2651,2672,459,-0.985530546623794,-1.08579430033448
"2019-10-16",2019-10-16,0.00898203592814371,410500,-0.179299847792999,2696,0.0166913946587537,0,2696,0,2.12378126324713,-0.919319859810458
"2019-10-17",2019-10-17,-0.0148367952522255,597100,-0.191476407914764,2656,0.0018825301204819,2651,2696,464,-1.0679117147708,-1.1976920094148
"2019-10-18",2019-10-18,-0.016566265060241,682600,-0.204870624048707,2612,0,2612,2656,465,-1.06995230524642,-1.35528155070899
"2019-10-21",2019-10-21,0.0111026033690658,359100,-0.196042617960427,2641,0.0109806891329042,2612,2641,465,-0.956909361069837,-1.15094201782981
"2019-10-23",2019-10-23,-0.0318061340401363,1462700,-0.221613394216134,2557,0,0,2641,467,-1.1304347826087,-1.52799407906659
"2019-10-24",2019-10-24,0.0105592491200626,1028100,-0.213394216133942,2584,0.0104489164086687,2557,2584,467,-0.962912087912088,-1.33542058215462
"2019-10-25",2019-10-25,0.0150928792569659,1302800,-0.201522070015221,2623,0.025162028211971,0,2623,0,2.4080992925827,-1.06117641187483
"2019-10-28",2019-10-28,-0.00190621425848265,516500,-0.203044140030442,2618,0.0233002291825821,2557,2623,470,-1.00755287009063,-1.09608321478027
"2019-10-29",2019-10-29,-0.00572956455309397,594500,-0.207610350076104,2603,0.0176719170188244,2557,2623,0,-1.02248875562219,-1.2012463203225
"2019-10-30",2019-10-30,0.0261237034191318,2356900,-0.186910197869102,2671,0.0254586297266941,2603,2671,470,1.4406263734475,-0.907385841128901
"2019-10-31",2019-10-31,0.00673904904530139,1152100,-0.181430745814308,2689,0.0319821494979546,0,2689,0,1.25624001925054,-0.783567405400984
"2019-11-01",2019-11-01,0.00483451097062105,1263200,-0.177473363774734,2702,0.036639526276832,0,2702,0,1.14562425765583,-0.69470058337292
"2019-11-05",2019-11-05,-0.0114729829755736,910400,-0.186910197869102,2671,0.0254586297266941,2603,2702,475,-1.05317324185249,-0.9073858411289
"2019-11-06",2019-11-06,0.0108573567952078,557200,-0.178082191780822,2700,0.0359259259259259,2603,2702,0,1.41114923747277,-0.708342289185296
"2019-11-07",2019-11-07,-0.0133333333333333,698000,-0.189041095890411,2664,0.0228978978978979,2603,2702,0,-1.06153846153846,-0.955783044544259
"2019-11-08",2019-11-08,0.000750750750750751,742900,-0.188432267884323,2666,0.0236309077269318,2603,2702,0,1.03201210138601,-0.94194111738213
"2019-11-11",2019-11-11,-0.000375093773443361,592500,-0.188736681887367,2665,0.0232645403377111,2603,2702,0,-1.0016155088853,-0.948860662300608
"2019-11-12",2019-11-12,0.0221388367729831,668100,-0.170776255707763,2724,0.0220264317180616,2664,2724,475,-0.90483870967742,-0.77635911584821
"2019-11-13",2019-11-13,-0.0025697503671072,487000,-0.172907153729072,2717,0.0195068089804932,2664,2724,481,-1.01247771836007,-0.824332252337164
"2019-11-14",2019-11-14,-0.00699300699300699,707600,-0.17869101978691,2698,0.0126019273535952,2664,2724,0,-1.03345070422535,-0.955224910625329
"2019-11-15",2019-11-15,0.011119347664937,641300,-0.169558599695586,2728,0.0109970674486803,2698,2728,481,-0.948892674616695,-0.877573247300941
"2019-11-18",2019-11-18,-0.00769794721407625,387600,-0.175951293759513,2707,0.0033247137052087,2698,2728,484,-1.03770197486535,-1.02266333358858
"2019-11-19",2019-11-19,0.0169929811599557,610500,-0.161948249619483,2753,0.0167090446785325,2707,2753,484,5.02570932719863,-0.740144804479971
"2019-11-20",2019-11-20,-0.0148928441699964,666900,-0.174429223744293,2712,0.00184365781710916,2707,2753,486,-1.07706766917293,-1.0222402462785
"2019-11-21",2019-11-21,-0.00811209439528024,544800,-0.181126331811264,2690,0,2690,2712,487,-1.03839441535777,-1.11034378322004
"2019-11-22",2019-11-22,-0.00260223048327138,537800,-0.183257229832573,2683,0,2683,2690,488,-1.01176470588235,-1.13232537773828
"2019-11-25",2019-11-25,0.00969064480059635,475600,-0.175342465753425,2709,0.00959763750461429,2683,2709,488,-0.956810631229236,-0.951673602380984
"2019-11-26",2019-11-26,-0.0155038759689922,1228100,-0.188127853881279,2667,0,0,2709,490,-1.07291666666667,-1.1825690223514
"2019-11-27",2019-11-27,0.00599925009373828,334000,-0.183257229832573,2683,0.00596347372344386,2667,2683,490,-0.97411003236246,-1.0708082802526
"2019-11-28",2019-11-28,-0.0145359672008945,397300,-0.195129375951294,2644,0,0,2683,492,-1.06478405315615,-1.25479426148276
"2019-11-29",2019-11-29,-0.00680786686838124,484900,-0.200608828006088,2626,0,2626,2644,493,-1.02808112324493,-1.31131836167251
"2019-12-02",2019-12-02,0.00266565118050267,453600,-0.198477929984779,2633,0.00265856437523737,2626,2633,493,-0.98937784522003,-1.26191195211728
"2019-12-03",2019-12-03,-0.0186099506266616,602500,-0.213394216133942,2584,0,0,2633,495,-1.07515337423313,-1.44320792878195
"2019-12-04",2019-12-04,0.010061919504644,655000,-0.205479452054795,2610,0.00996168582375478,2584,2610,495,-0.962910128388017,-1.25880075900579
"2019-12-05",2019-12-05,0,340700,-0.205479452054795,2610,0.00996168582375478,0,2610,0,-1,-1.25880075900579
"2019-12-06",2019-12-06,-0.00421455938697318,375100,-0.20882800608828,2599,0.00577145055790684,2584,2610,498,-1.0162962962963,-1.33656825790965
"2019-12-09",2019-12-09,0.0146210080800308,512000,-0.197260273972603,2637,0.0144103147516117,2599,2637,498,2.49682720262927,-1.12812411735254
"2019-12-10",2019-12-10,-0.0182025028441411,515100,-0.211872146118722,2589,0,0,2637,500,-1.07407407407407,-1.42750678984035
"2019-12-11",2019-12-11,-0.0123599845500193,671000,-0.221613394216134,2557,0,2557,2589,501,-1.04597701149425,-1.52799407906658
"2019-12-12",2019-12-12,0.0093859992178334,629200,-0.214307458143075,2581,0.0092987214258039,2557,2581,501,-0.967032967032967,-1.35670627242155
"2019-12-13",2019-12-13,-0.00193723363037582,614400,-0.215829528158295,2576,0.00737577639751552,2557,2581,503,-1.00710227272727,-1.39224383594566
"2019-12-16",2019-12-16,-0.0135869565217391,458000,-0.22648401826484,2541,0,2541,2576,504,-1.04936530324401,-1.5782377236797
"2019-12-17",2019-12-17,0.000787091696182605,570100,-0.225875190258752,2543,0.0007864726700747,2541,2543,504,-0.99731182795699,-1.5638442926531
"2019-12-18",2019-12-18,0,696300,-0.225875190258752,2543,0.0007864726700747,0,2543,0,-1,-1.5638442926531
"2019-12-19",2019-12-19,-0.00786472670074715,561300,-0.231963470319635,2523,0,0,2543,507,-1.02695417789757,-1.63476182386946
"2019-12-20",2019-12-20,0.0217994451050337,1353900,-0.215220700152207,2578,0.0213343677269201,2523,2578,507,-0.927821522309712,-1.24197146166598
"2019-12-23",2019-12-23,-0.0166795965865012,819200,-0.228310502283105,2535,0.00473372781065085,2523,2578,509,-1.06082036775106,-1.54824761923977
"2019-12-24",2019-12-24,-0.00552268244575937,828200,-0.232572298325723,2521,0,2521,2535,510,-1.01866666666667,-1.6410422794461
"2019-12-25",2019-12-25,0.000396667988893296,804500,-0.232267884322679,2522,0.000396510705789055,2521,2522,510,-0.99869109947644,-1.63381178667577
"2019-12-26",2019-12-26,0.00475812846946868,670000,-0.228614916286149,2534,0.00513022888713499,0,2534,0,12.9384372533545,-1.54729768137861
"2019-12-27",2019-12-27,-0.00236779794790845,617800,-0.230441400304414,2528,0.00276898734177211,2521,2534,513,-1.00798934753662,-1.59049678540554
"2019-12-30",2019-12-30,-0.0268987341772152,990500,-0.251141552511416,2460,0,2460,2528,514,-1.08982826948481,-1.83259617453361
"2020-01-06",2020-01-06,-0.0333333333333333,1071200,-0.276103500761035,2378,0,2378,2460,515,-1.09939393939394,-2.09009485317584
"2020-01-07",2020-01-07,0.0159798149705635,894800,-0.264535768645358,2416,0.0157284768211921,2378,2416,515,-0.958103638368247,-1.8085167622793
"2020-01-08",2020-01-08,-0.00372516556291391,1232900,-0.267275494672755,2407,0.0120481927710844,2378,2416,517,-1.01035673187572,-1.87474332822263
"2020-01-09",2020-01-09,0.0108018280016618,750800,-0.259360730593608,2433,0.0106863953966296,2407,2433,517,-0.970387243735763,-1.80714522847612
"2020-01-10",2020-01-10,0.0184956843403206,1124800,-0.245662100456621,2478,0.0286521388216303,0,2478,0,2.68117899050103,-1.4805066876575
"2020-01-14",2020-01-14,-0.0161420500403551,633300,-0.257838660578387,2438,0.0127153404429861,2407,2478,520,-1.04956629491946,-1.77051420604747
"2020-01-15",2020-01-15,0.00164068908941756,507600,-0.25662100456621,2442,0.0143325143325144,2407,2478,0,1.12718290137645,-1.74127109783472
"2020-01-16",2020-01-16,0.0045045045045045,505100,-0.253272450532725,2453,0.0187525479005299,2407,2478,0,1.30839205637411,-1.66113308046929
"2020-01-17",2020-01-17,0.00122299225438239,695200,-0.252359208523592,2456,0.0199511400651465,2407,2478,0,1.06391622999575,-1.63934814189743
"2020-01-20",2020-01-20,0.0138436482084691,569300,-0.242009132420092,2490,0.0208835341365462,2438,2490,520,1.0467338742726,-1.52296214779133
"2020-01-21",2020-01-21,-0.0124497991967871,274900,-0.25144596651446,2459,0.00854005693371285,2438,2490,525,-1.03899371069182,-1.74764017866303
"2020-01-22",2020-01-22,-0.00406669377795852,409600,-0.254490106544901,2449,0.00449162923642299,2438,2490,0,-1.01210653753027,-1.82080461277723
"2020-01-23",2020-01-23,-0.0293997550020417,712900,-0.276407914764079,2377,0,2377,2459,527,-1.08612440191388,-2.09323508096416
"2020-01-24",2020-01-24,0.00462768195204039,534100,-0.273059360730594,2388,0.00460636515912893,2377,2388,527,-0.987885462555067,-2.01117493244049
"2020-01-27",2020-01-27,-0.00711892797319933,639500,-0.278234398782344,2371,0,0,2388,529,-1.01895206243032,-2.11207644769408
"2020-01-28",2020-01-28,-0.01940109658372,694600,-0.292237442922375,2325,0,2325,2371,530,-1.05032822757112,-2.25652692595679
"2020-01-29",2020-01-29,0.00946236559139785,491100,-0.285540334855404,2347,0.00937366851299526,2325,2347,530,-0.977083333333333,-2.09074644709698
"2020-01-30",2020-01-30,-0.00298253089049851,520700,-0.287671232876712,2340,0.00641025641025639,2325,2347,532,-1.00746268656716,-2.14329755858949
"2020-01-31",2020-01-31,-0.00641025641025641,1127200,-0.292237442922375,2325,0,2325,2340,533,-1.01587301587302,-2.25652692595679
"2020-02-03",2020-02-03,0.0288172043010753,1728900,-0.271841704718417,2392,0.028010033444816,2325,2392,533,-0.930208333333334,-1.7571900106819
"2020-02-04",2020-02-04,-0.012123745819398,1039900,-0.280669710806697,2363,0.0160812526449429,2325,2392,535,-1.03247480403135,-1.97130972373912
"2020-02-05",2020-02-05,0.030469741853576,1122300,-0.258751902587519,2435,0.0295687885010267,2363,2435,535,1.83871176915595,-1.60608064686238
"2020-02-06",2020-02-06,0.00492813141683778,912400,-0.25509893455099,2447,0.0343277482631794,0,2447,0,1.16094537528947,-1.51930615829547
"2020-02-07",2020-02-07,-0.0147118921127912,605600,-0.266057838660579,2411,0.0199087515553712,2363,2447,538,-1.04295942720764,-1.78109565732998
"2020-02-10",2020-02-10,0.000414765657403567,483300,-0.265753424657535,2412,0.0203150912106136,2363,2447,0,1.02041010226645,-1.77376377257408
"2020-02-12",2020-02-12,-0.0203150912106136,776500,-0.280669710806697,2363,0,2363,2412,540,-1.05612829324169,-2.13719827000064
"2020-02-13",2020-02-13,0.00761743546339399,492000,-0.275190258751903,2381,0.00755984880302396,2363,2381,540,-0.980477223427332,-2.0026894284739
"2020-02-14",2020-02-14,-0.0155396892062159,596900,-0.286453576864536,2344,0,0,2381,542,-1.04092920353982,-2.19686259797872
"2020-02-17",2020-02-17,-0.0187713310580205,903200,-0.299847792998478,2300,0,2300,2344,543,-1.04675876726886,-2.33503262066479
"2020-02-18",2020-02-18,-0.021304347826087,690400,-0.314764079147641,2251,0,2251,2300,544,-1.0497461928934,-2.48890378229246
"2020-02-19",2020-02-19,-0.00533096401599289,598700,-0.318417047184171,2239,0,2239,2251,545,-1.01160541586074,-2.5265865157523
"2020-02-20",2020-02-20,-0.00446627958910228,660000,-0.321461187214612,2229,0,2229,2239,546,-1.00956022944551,-2.5579887936355
"2020-02-21",2020-02-21,-0.00224315836698071,576900,-0.322983257229833,2224,0,2224,2229,547,-1.00473484848485,-2.5736899325771
"2020-02-25",2020-02-25,-0.0314748201438849,848500,-0.344292237442923,2154,0,2154,2224,548,-1.06597549481621,-2.79350587775949
"2020-02-26",2020-02-26,-0.0167130919220056,1100400,-0.355251141552512,2118,0,2118,2154,549,-1.03183023872679,-2.906554078139
"2020-02-27",2020-02-27,0.0354107648725212,1625200,-0.332420091324201,2193,0.0341997264021888,2118,2193,549,-0.93573264781491,-2.31824464501943
"2020-02-28",2020-02-28,-0.0296397628818969,1777500,-0.35220700152207,2128,0.00469924812030076,2118,2193,551,-1.05952380952381,-2.82667600944457
"2020-03-02",2020-03-02,0.0037593984962406,1301800,-0.349771689497717,2136,0.0084269662921348,2118,2193,0,1.79325842696628,-2.76310035757315
"2020-03-03",2020-03-03,-0.00795880149812734,870100,-0.354946727549468,2119,0.000471920717319496,2118,2193,0,-1.0147954743255,-2.89854568221259
"2020-03-04",2020-03-04,-0.0122699386503067,691300,-0.362861491628615,2093,0,2093,2136,554,-1.02229845626072,-2.985059772847
"2020-03-05",2020-03-05,0.0324892498805542,869200,-0.342161339421614,2161,0.031466913465988,2093,2161,554,-0.942953020134229,-2.44692267132321
"2020-03-06",2020-03-06,0.021749190189727,1962100,-0.327853881278539,2208,0.0520833333333334,0,2208,0,1.65517769607843,-2.08666022903237
"2020-03-09",2020-03-09,-0.0244565217391304,1485200,-0.344292237442923,2154,0.0283194057567316,2093,2208,557,-1.05013927576602,-2.5013728483433
"2020-03-10",2020-03-10,0.0134633240482823,1567000,-0.335464231354643,2183,0.0412276683463124,2093,2208,0,1.45580979701569,-2.27714914564225
"2020-03-11",2020-03-11,-0.016032982134677,1356100,-0.346118721461188,2148,0.0256052141527002,2093,2208,0,-1.03176043557169,-2.54821286103751
"2020-03-12",2020-03-12,-0.0162942271880819,1260700,-0.356773211567733,2113,0.00946521533364886,2093,2208,0,-1.03078276165347,-2.82461538476039
"2020-03-13",2020-03-13,-0.0137245622337908,1810200,-0.365601217656013,2084,0,2084,2183,561,-1.02474402730375,-3.01332182294188
"2020-03-16",2020-03-16,-0.0220729366602687,1148100,-0.379604261796043,2038,0,2038,2084,562,-1.03830141548709,-3.15777230120459
"2020-03-17",2020-03-17,0.0672227674190383,1806600,-0.337899543378996,2175,0.0629885057471264,2038,2175,562,-0.890136327185245,-2.07779382294298
"2020-03-18",2020-03-18,0.0547126436781609,2089500,-0.301674277016743,2294,0.111595466434176,0,2294,0,1.7716798503236,-1.20269440550044
"2020-03-19",2020-03-19,0.102005231037489,3220700,-0.230441400304415,2528,0.193829113924051,0,2528,0,1.7368905755538,0.380412281634266
"2020-03-23",2020-03-23,-0.0466772151898734,2112200,-0.266362252663623,2410,0.154356846473029,2038,2528,566,-1.1558784676354,-0.397316625409095
"2020-03-24",2020-03-24,-0.0302904564315353,1664700,-0.288584474885845,2337,0.127941805733847,2038,2528,0,-1.08342857142857,-0.89904152364604
"2020-03-25",2020-03-25,0.0440735986307231,1360200,-0.257229832572299,2440,0.164754098360656,2038,2528,0,1.28772684905971,-0.195855398160028
"2020-03-26",2020-03-26,-0.0114754098360656,1783700,-0.265753424657535,2412,0.155058043117745,2038,2528,0,-1.03313609467456,-0.383802871867205
"2020-03-27",2020-03-27,0.0414593698175788,1437600,-0.235312024353121,2512,0.188694267515924,2038,2528,0,1.21692666643959,0.27719936747931
"2020-03-30",2020-03-30,0.00517515923566879,1191900,-0.231354642313547,2525,0.192871287128713,2038,2528,0,1.02213644149225,0.361110993931007
"2020-03-31",2020-03-31,0.019009900990099,1608100,-0.216742770167428,2573,0.0917217256121259,2337,2573,566,-0.936842105263158,-0.531581372979372
"2020-04-01",2020-04-01,-0.0295375048581422,741700,-0.239878234398783,2497,0.0640768922707249,2337,2573,573,-1.10674157303371,-1.05541306252881
"2020-04-02",2020-04-02,0.0304365238285943,1150100,-0.216742770167428,2573,0.0295375048581422,2497,2573,573,-0.903553299492386,-1.1730519231313
"2020-04-03",2020-04-03,0.0365332296929654,1988800,-0.188127853881279,2667,0.0637420322459693,0,2667,0,2.15800327590631,-0.525028636754392
"2020-04-06",2020-04-06,-0.00862392200974878,1065500,-0.195129375951294,2644,0.0555975794251135,2497,2667,576,-1.03721682847896,-0.681269186656466
"2020-04-07",2020-04-07,0.0143721633888048,983400,-0.183561643835617,2682,0.0141685309470544,2644,2682,576,-0.940717628705148,-0.989308023566885
"2020-04-08",2020-04-08,-0.00186428038777032,1075600,-0.185083713850838,2677,0.0123272319760926,2644,2682,578,-1.00829187396352,-1.02400335507978
"2020-04-09",2020-04-09,-0.0168098617855809,850700,-0.198782343987824,2632,0,2632,2677,579,-1.07401315789474,-1.2924769949426
"2020-04-10",2020-04-10,0.00341945288753799,643300,-0.196042617960427,2641,0.00340780007572894,2632,2641,579,-0.986217457886677,-1.22906127784216
"2020-04-13",2020-04-13,0.0257478227943961,664000,-0.175342465753425,2709,0.0284237726098191,0,2709,0,8.34079816250346,-0.757469814076753
"2020-04-14",2020-04-14,0.0365448504983389,973900,-0.145205479452055,2808,0.0626780626780626,0,2808,0,2.20512820512821,-0.0932320544493673
"2020-04-15",2020-04-15,0.0352564102564103,1403200,-0.115068493150685,2907,0.0945992432060544,0,2907,0,1.5092879256966,0.546938167751265
"2020-04-16",2020-04-16,-0.00309597523219814,918200,-0.117808219178083,2898,0.0917874396135265,2632,2907,584,-1.02380952380952,0.489670540750408
"2020-04-17",2020-04-17,-0.0062111801242236,1086000,-0.123287671232877,2880,0.0861111111111111,2632,2907,0,-1.04651162790698,0.374591432181708
"2020-04-20",2020-04-20,0,637300,-0.123287671232877,2880,0.0861111111111111,2632,2907,0,-1,0.374591432181708
"2020-04-21",2020-04-21,0.0149305555555556,1172000,-0.110197869101979,2923,0.0147109134450907,2880,2923,584,-0.893827160493828,-0.226918099496319
"2020-04-22",2020-04-22,0.0174478275744099,1101000,-0.0946727549467282,2974,0.031607262945528,0,2974,0,2.14855882766926,0.107530316448701
"2020-04-23",2020-04-23,0.0188298587760592,1321100,-0.0776255707762563,3030,0.0495049504950495,0,3030,0,1.56625236991784,0.468009322463694
"2020-04-24",2020-04-24,0,853900,-0.0776255707762563,3030,0.0495049504950495,0,3030,0,-1,0.468009322463694
"2020-04-27",2020-04-27,0.00165016501650165,658900,-0.0761035007610357,3035,0.0510708401976936,0,3035,0,1.03163097199341,0.499863628830293
"2020-04-28",2020-04-28,-0.028006589785832,1619400,-0.101978691019788,2950,0.023728813559322,2880,3035,592,-1.34,-0.0491064633673405
"2020-04-30",2020-04-30,0.0142372881355932,2021900,-0.0891933028919336,2992,0.0374331550802139,2880,3035,0,1.57754010695188,0.224152270844077
"2020-05-01",2020-05-01,0.0210561497326203,1238500,-0.0700152207001528,3055,0.0343698854337152,2950,3055,592,-0.784982935153585,0.390387009233962
"2020-05-07",2020-05-07,0,1113500,-0.0700152207001528,3055,0.0343698854337152,0,3055,0,-1,0.390387009233962
"2020-05-08",2020-05-08,-0.00818330605564648,626200,-0.0776255707762563,3030,0.0264026402640264,2950,3055,596,-1.10869565217391,0.229694015558032
"2020-05-11",2020-05-11,0.00495049504950495,624600,-0.0730593607305943,3045,0.0311986863711001,2950,3055,0,1.18165024630542,0.326271757180275
"2020-05-12",2020-05-12,0.0180623973727422,839700,-0.0563165905631665,3100,0.0225806451612903,3030,3100,596,-0.770833333333335,0.410083603515016
"2020-05-13",2020-05-13,0.0112903225806452,622400,-0.0456621004566216,3135,0.0334928229665071,0,3135,0,1.48325358851674,0.632557764364182
"2020-05-14",2020-05-14,-0.0207336523125997,717200,-0.0654490106544907,3070,0.0130293159609121,3030,3135,600,-1.43333333333333,0.217348617183595
"2020-05-15",2020-05-15,0.00488599348534202,564800,-0.0608828006088286,3085,0.0178282009724473,3030,3135,0,1.36831442463533,0.313955643945777
"2020-05-18",2020-05-18,0.0324149108589951,1239500,-0.0304414003044148,3185,0.0361067503924647,3070,3185,600,2.02526045383189,0.816533509747901
"2020-05-19",2020-05-19,0.0235478806907378,1075700,-0.00761035007610422,3260,0.0582822085889571,0,3260,0,1.6141637770072,1.28080482117744
"2020-05-20",2020-05-20,0.0138036809815951,1278400,0,3305,0.0711043872919819,0,3305,0,1.22000159248348,1.49157960162853
"2020-05-21",2020-05-21,-0.00151285930408472,985700,-0.00151285930408473,3300,0.0696969696969697,3070,3305,605,0,1.46145505224371
"2020-05-22",2020-05-22,0.0166666666666667,941400,0,3355,0.0163934426229508,3300,3355,605,0,0.927200739102912
"2020-05-25",2020-05-25,0,760600,0,3355,0.0163934426229508,0,3355,0,0,0.927200739102912
"2020-05-26",2020-05-26,-0.014903129657228,1222400,-0.0149031296572282,3305,0.00151285930408473,3300,3355,608,0,0.619962431431131
"2020-05-27",2020-05-27,0.00605143721633888,1109500,-0.00894187779433686,3325,0.00751879699248126,3300,3355,0,4.96992481203006,0.743411749797724
"2020-05-28",2020-05-28,0.0270676691729323,1602200,0,3415,0.0322108345534406,3305,3415,608,4.28404099560758,1.090367391038
"2020-05-29",2020-05-29,0.0292825768667643,6999000,0,3515,0.0597439544807966,0,3515,0,1.85477822319928,1.37438937238716
"2020-06-01",2020-06-01,0.00995732574679943,737800,0,3550,0.0690140845070423,0,3550,0,1.15516431924883,1.47001677329071
"2020-06-02",2020-06-02,-0.00704225352112676,982200,-0.00704225352112686,3525,0.0624113475177305,3305,3550,613,0,1.3292598503379
"2020-06-03",2020-06-03,-0.0170212765957447,1195900,-0.0239436619718311,3465,0.0461760461760462,3305,3550,0,-3.39999999999996,0.98743320680974
"2020-06-04",2020-06-04,-0.00432900432900433,926800,-0.028169014084507,3450,0.0420289855072464,3305,3550,0,-1.17647058823529,0.90106634126229
"2020-06-05",2020-06-05,-0.00289855072463768,802300,-0.0309859154929576,3440,0.0392441860465116,3305,3550,0,-1.1,0.843281165300062
"2020-06-08",2020-06-08,-0.0145348837209302,882200,-0.0450704225352113,3390,0.0250737463126843,3305,3550,0,-1.45454545454546,0.55181307205705
"2020-06-09",2020-06-09,0.0117994100294985,611000,-0.0338028169014085,3430,0.0364431486880467,3305,3550,0,1.45343851826445,0.785328484895966
"2020-06-10",2020-06-10,0.0087463556851312,524400,-0.0253521126760563,3460,0.0447976878612717,3305,3550,0,1.22924855491329,0.958685465133302
"2020-06-11",2020-06-11,0.0317919075144509,867100,0,3570,0.0504201680672269,3390,3570,613,1.12550826782326,1.27820847106376
"2020-06-12",2020-06-12,-0.00700280112044818,932200,-0.00700280112044815,3545,0.0437235543018336,3390,3570,621,0,1.13689012539618
"2020-06-15",2020-06-15,-0.0253878702397743,879800,-0.0322128851540615,3455,0.0188133140376266,3390,3570,0,-4.6,0.619866488028238
"2020-06-16",2020-06-16,0.00723589001447178,584200,-0.0252100840336134,3480,0.0258620689655172,3390,3570,0,1.37466843501326,0.764817398074676
"2020-06-17",2020-06-17,-0.00431034482758621,408600,-0.0294117647058822,3465,0.0216450216450217,3390,3570,0,-1.16666666666667,0.677972761097343
"2020-06-18",2020-06-18,0.00288600288600289,296200,-0.026610644257703,3475,0.0244604316546763,3390,3570,0,1.13007194244604,0.735910913880273
"2020-06-19",2020-06-19,0.0172661870503597,1030900,-0.00980392156862731,3535,0.041018387553041,3390,3570,0,1.67692819702138,1.08008920331806
"2020-06-22",2020-06-22,-0.0099009900990099,461300,-0.0196078431372548,3500,0.0314285714285715,3390,3570,0,-2.00000000000002,0.880030226351683
"2020-06-23",2020-06-23,-0.00142857142857143,712300,-0.0210084033613445,3495,0.0300429184549357,3390,3570,0,-1.07142857142857,0.851288630957951
"2020-06-24",2020-06-24,-0.00715307582260372,364500,-0.0280112044817927,3470,0.0230547550432276,3390,3570,0,-1.33333333333334,0.706962761681484
"2020-06-25",2020-06-25,0.0259365994236311,965200,-0.00280112044817915,3560,0.047752808988764,3390,3570,0,2.07127808988764,1.22179755961522
"2020-06-26",2020-06-26,-0.0112359550561798,897900,-0.0140056022408963,3520,0.0369318181818182,3390,3570,0,-5.0000000000002,0.994590530974322
"2020-06-29",2020-06-29,-0.00568181818181818,729300,-0.0196078431372548,3500,0.0314285714285715,3390,3570,0,-1.4,0.880030226351683
"2020-06-30",2020-06-30,0.00571428571428571,1021500,-0.0140056022408963,3520,0.0369318181818182,3390,3570,0,1.17510330578512,0.994590530974322
"2020-07-01",2020-07-01,-0.0142045454545455,454300,-0.0280112044817926,3470,0.0230547550432276,3390,3570,0,-2,0.706962761681485
"2020-07-02",2020-07-02,0.0187319884726225,782700,-0.00980392156862731,3535,0.041018387553041,3390,3570,0,1.77917256011316,1.08008920331806
"2020-07-03",2020-07-03,0.00424328147100424,330900,-0.00560224089635841,3550,0.0450704225352113,3390,3570,0,1.09878581835843,1.1652316310506
"2020-07-06",2020-07-06,0.0126760563380282,382100,0,3595,0.03894297635605,3455,3595,621,0,1.15981379807598
"2020-07-07",2020-07-07,0.0417246175243394,1156700,0,3745,0.0774365821094793,0,3745,0,1.9884608048827,1.5569002962356
"2020-07-08",2020-07-08,-0.00400534045393859,724000,-0.00400534045393874,3730,0.0737265415549598,3455,3745,639,0,1.47731113937042
"2020-07-09",2020-07-09,0.0120643431635389,6e+05,0,3775,0.0119205298013245,3730,3775,639,0,0.8810597436272
"2020-07-10",2020-07-10,-0.0185430463576159,673700,-0.0185430463576159,3705,0,0,3775,641,0,0.566808206479507
"2020-07-13",2020-07-13,0.0134952766531714,467000,-0.00529801324503321,3755,0.0133155792276964,3705,3755,641,-0.28571428571429,0.84079814160625
"2020-07-14",2020-07-14,-0.00932090545938748,503700,-0.0145695364238412,3720,0.00403225806451613,3705,3755,643,-2.74999999999997,0.649392893398228
"2020-07-15",2020-07-15,0.0147849462365591,425200,0,3775,0.0145695364238411,3720,3775,643,3.61324503311259,0.908385964248738
"2020-07-16",2020-07-16,-0.00927152317880795,491400,-0.00927152317880808,3740,0.00534759358288772,3720,3775,645,0,0.717613873225109
"2020-07-17",2020-07-17,0.0120320855614973,408300,0,3785,0.011889035667107,3740,3785,645,2.22324966974899,0.880734861215582
"2020-07-20",2020-07-20,0.011889035667107,560600,0,3830,0.0234986945169713,0,3830,0,1.97650130548303,1.00049601861533
"2020-07-21",2020-07-21,-0.00652741514360313,561300,-0.00652741514360311,3805,0.0170827858081471,3740,3830,648,0,0.866977242119622
"2020-07-22",2020-07-22,-0.0315374507227332,733900,-0.0378590078328982,3685,0,3685,3805,649,-5.80000000000002,0.367551541621018
"2020-07-27",2020-07-27,0.00542740841248304,417100,-0.0326370757180157,3705,0.00539811066126861,3685,3705,649,-0.862068965517241,0.477104167667527
"2020-07-28",2020-07-28,-0.00134952766531714,321300,-0.0339425587467362,3700,0.00405405405405401,3685,3705,651,-1.04,0.449772448667031
"2020-07-29",2020-07-29,0.0108108108108108,492600,-0.0234986945169714,3740,0.0106951871657754,3700,3740,651,2.63814616755797,0.626015272185655
"2020-07-30",2020-07-30,0.0120320855614973,497600,-0.0117493472584859,3785,0.0224570673712021,0,3785,0,2.09973579920739,0.868548825443324
"2020-07-31",2020-07-31,0.0224570673712021,1150500,0,3870,0.0439276485788114,0,3870,0,1.95607235142119,1.21123392354015
"2020-08-03",2020-08-03,0.180878552971576,1850500,0,4570,0.190371991247265,0,4570,0,4.33376238898185,2.72190225578186
"2020-08-04",2020-08-04,0.0415754923413567,1656900,0,4760,0.222689075630252,0,4760,0,1.16975755819569,3.05527393186149
"2020-08-05",2020-08-05,-0.00525210084033613,1212900,-0.00525210084033623,4735,0.218585005279831,3700,4760,657,0,2.95875896056685
"2020-08-06",2020-08-06,-0.0105596620908131,622400,-0.0157563025210083,4685,0.210245464247599,3700,4760,0,-2.99999999999994,2.76437353837445
"2020-08-07",2020-08-07,0.0288153681963714,827300,0,4820,0.0280082987551867,4685,4820,657,0,1.04701550983964
"2020-08-11",2020-08-11,0.012448132780083,740600,0,4880,0.0399590163934426,0,4880,0,1.42668488160291,1.17029490974482
"2020-08-12",2020-08-12,-0.0307377049180328,1221900,-0.0307377049180327,4730,0.0095137420718816,4685,4880,661,0,0.539152814903311
"2020-08-13",2020-08-13,0.0295983086680761,916600,-0.00204918032786883,4870,0.0379876796714579,4685,4880,0,3.99292721879991,1.12882066993617
"2020-08-14",2020-08-14,-0.00410677618069815,440200,-0.00614754098360637,4850,0.034020618556701,4685,4880,0,-2.99999999999995,1.04562061568455
"2020-08-17",2020-08-17,-0.0185567010309278,375000,-0.0245901639344263,4760,0.0157563025210085,4685,4880,0,-4.00000000000013,0.666964743494288
"2020-08-18",2020-08-18,0.0241596638655462,516800,-0.00102459016393441,4875,0.038974358974359,4685,4880,0,2.47357264957264,1.14956821836167
"2020-08-19",2020-08-19,0.00717948717948718,382800,0,4910,0.0366598778004074,4730,4910,661,0,1.13626215637682
"2020-08-20",2020-08-20,0,454100,0,4910,0.0366598778004074,0,4910,0,0,1.13626215637682
"2020-08-21",2020-08-21,0.00509164969450102,529500,0,4935,0.0415400202634245,0,4935,0,1.13311944163008,1.1866039896042
"2020-08-24",2020-08-24,0.0151975683890578,388600,0,5010,0.0558882235528942,0,5010,0,1.34540674748065,1.33461500825475
"2020-08-25",2020-08-25,-0.0179640718562874,688100,-0.0179640718562875,4920,0.0386178861788617,4730,5010,670,0,0.971149235118022
"2020-08-26",2020-08-26,0.00609756097560976,383500,-0.0119760479041916,4950,0.0444444444444444,4730,5010,0,1.15087719298246,1.09302430990545
"2020-08-27",2020-08-27,-0.00404040404040404,424600,-0.0159680638722556,4930,0.0405679513184585,4730,5010,0,-1.33333333333334,1.01185553756681
"2020-08-28",2020-08-28,-0.0212981744421907,498800,-0.0369261477045909,4825,0.0196891191709845,4730,5010,0,-2.31249999999999,0.580280627005448
"2020-08-31",2020-08-31,0.0103626943005181,453500,-0.0269461077844311,4875,0.0297435897435897,4730,5010,0,1.510661268556,0.786949590803557
"2020-09-01",2020-09-01,-0.00512820512820513,487900,-0.031936127744511,4850,0.0247422680412371,4730,5010,0,-1.18518518518519,0.683882424322325
"2020-09-02",2020-09-02,0.0494845360824742,749000,0,5090,0.0520628683693517,4825,5090,670,2.10420759659463,1.29515398961754
"2020-09-03",2020-09-03,-0.0176817288801572,425000,-0.0176817288801572,5000,0.035,4825,5090,677,0,0.936740944600454
"2020-09-04",2020-09-04,-0.015,428600,-0.0324165029469548,4925,0.0203045685279187,4825,5090,0,-1.83333333333333,0.633149295316988
"2020-09-07",2020-09-07,-0.0203045685279188,325600,-0.0520628683693517,4825,0,4825,5000,679,-1.60606060606061,0.221029512043018
"2020-09-08",2020-09-08,-0.00621761658031088,485100,-0.0579567779960707,4795,0,4795,4825,680,-1.11320754716981,0.160230013312385
"2020-09-09",2020-09-09,-0.013555787278415,759500,-0.0707269155206285,4730,0,4730,4795,681,-1.22033898305084,0.0284977660626818
"2020-09-10",2020-09-10,-0.0243128964059197,906000,-0.0933202357563849,4615,0,4615,4730,681,-1.31944444444445,-0.204566979071412
